time_s,bag_time_s,mission_label,mission_state,frequency_hz,cmd.kind,cmd.label,cmd.max_retries,s1_position_rad,s1_velocity_rps,s1_current_a,s1_voltage_v,s1_mode,s2_position_rad,s2_velocity_rps,s2_current_a,s2_voltage_v,s2_mode
0.0,1783622739.229727,CALIBRATION,UNKNOWN,,calibration,CALIBRATION,2,-0.0015339808305725455,-0.0,-0.002689999993890524,12.100000381469727,4.0,-0.0,-0.0,0.0,12.0,4.0
0.0159,1783622739.245663,CALIBRATION,UNKNOWN,,calibration,CALIBRATION,2,-0.0015339808305725455,-0.0,-0.002689999993890524,12.100000381469727,4.0,0.0015339808305725455,-0.0,0.0,12.0,4.0
0.032,1783622739.261747,CALIBRATION,UNKNOWN,,calibration,CALIBRATION,2,-0.0,-0.0,-0.002689999993890524,12.100000381469727,4.0,-0.0,-0.0,0.0,12.0,4.0
0.048,1783622739.277775,CALIBRATION,UNKNOWN,,calibration,CALIBRATION,2,-0.0,-0.0,-0.002689999993890524,12.100000381469727,4.0,0.0015339808305725455,-0.0,0.0,12.0,4.0
0.064,1783622739.293694,CALIBRATION,UNKNOWN,,calibration,CALIBRATION,2,-0.0,-0.0,-0.002689999993890524,12.100000381469727,4.0,-0.0,-0.0,0.0,12.0,4.0
0.08,1783622739.30969,CALIBRATION,UNKNOWN,,calibration,CALIBRATION,2,-0.0,-0.0,-0.002689999993890524,12.100000381469727,4.0,0.0015339808305725455,-0.0,0.0,12.0,4.0
0.096,1783622739.325699,CALIBRATION,UNKNOWN,,calibration,CALIBRATION,2,-0.0,-0.0,-0.002689999993890524,12.100000381469727,4.0,-0.0,-0.0,0.0,12.0,4.0
0.1119,1783622739.341667,CALIBRATION,UNKNOWN,,calibration,CALIBRATION,2,-0.0,-0.0,-0.002689999993890524,12.100000381469727,4.0,-0.0,-0.0,0.0,12.0,4.0
0.1279,1783622739.357663,CALIBRATION,UNKNOWN,,calibration,CALIBRATION,2,-0.0,-0.0,-0.002689999993890524,12.100000381469727,4.0,-0.0,-0.0,0.0,12.0,4.0
0.1439,1783622739.373637,CALIBRATION,UNKNOWN,,calibration,CALIBRATION,2,-0.0,-0.0,-0.005379999987781048,12.100000381469727,4.0,-0.0,-0.0,0.0,12.0,4.0
0.1599,1783622739.389622,CALIBRATION,UNKNOWN,,calibration,CALIBRATION,2,-0.0,-0.0,-0.002689999993890524,12.100000381469727,4.0,-0.0,-0.0,0.0,12.0,4.0
0.1759,1783622739.405613,CALIBRATION,UNKNOWN,,calibration,CALIBRATION,2,-0.0015339808305725455,-0.0,-0.002689999993890524,12.100000381469727,4.0,-0.0,-0.0,0.0,12.0,4.0
0.1919,1783622739.421627,CALIBRATION,UNKNOWN,,calibration,CALIBRATION,2,-0.0,-0.0,-0.002689999993890524,12.100000381469727,4.0,-0.0,-0.0,0.0,12.0,4.0
0.2079,1783622739.437627,CALIBRATION,UNKNOWN,,calibration,CALIBRATION,2,-0.0,-0.0,-0.002689999993890524,12.100000381469727,4.0,0.0015339808305725455,-0.0,0.0,12.0,4.0
0.2239,1783622739.453614,CALIBRATION,UNKNOWN,,calibration,CALIBRATION,2,-0.0,-0.0,-0.005379999987781048,12.100000381469727,4.0,-0.0,-0.0,0.0,12.0,4.0
0.2399,1783622739.469661,CALIBRATION,UNKNOWN,,calibration,CALIBRATION,2,-0.0015339808305725455,-0.0,-0.005379999987781048,12.100000381469727,4.0,-0.0,-0.0,0.0,12.0,4.0
0.2559,1783622739.485624,CALIBRATION,UNKNOWN,,calibration,CALIBRATION,2,-0.0,-0.0,-0.002689999993890524,12.100000381469727,4.0,0.0015339808305725455,-0.0,0.0,12.0,4.0
0.2719,1783622739.501618,CALIBRATION,UNKNOWN,,calibration,CALIBRATION,2,-0.0,-0.0,-0.005379999987781048,12.100000381469727,4.0,-0.0,-0.0,0.0,12.0,4.0
0.2879,1783622739.517635,CALIBRATION,UNKNOWN,,calibration,CALIBRATION,2,-0.0015339808305725455,-0.0,-0.002689999993890524,12.100000381469727,4.0,-0.0,-0.0,0.0,12.0,4.0
0.3039,1783622739.533629,CALIBRATION,UNKNOWN,,calibration,CALIBRATION,2,-0.0015339808305725455,-0.0,-0.002689999993890524,12.100000381469727,4.0,0.0015339808305725455,-0.0,0.0,12.0,4.0
0.3199,1783622739.549628,CALIBRATION,UNKNOWN,,calibration,CALIBRATION,2,-0.0,-0.0,-0.002689999993890524,12.100000381469727,4.0,0.0015339808305725455,-0.0,0.0,12.0,4.0
0.3359,1783622739.565628,CALIBRATION,UNKNOWN,,calibration,CALIBRATION,2,-0.0,-0.0,-0.005379999987781048,12.100000381469727,4.0,-0.0,-0.0,0.0,12.0,4.0
0.3519,1783622739.581607,CALIBRATION,UNKNOWN,,calibration,CALIBRATION,2,-0.0,-0.0,-0.005379999987781048,12.100000381469727,4.0,-0.0,-0.0,0.0,12.0,4.0
0.3679,1783622739.597645,CALIBRATION,UNKNOWN,,calibration,CALIBRATION,2,-0.0,-0.0,-0.002689999993890524,12.100000381469727,4.0,0.0015339808305725455,-0.0,0.0,12.0,4.0
0.3839,1783622739.613644,CALIBRATION,UNKNOWN,,calibration,CALIBRATION,2,-0.0,-0.0,-0.002689999993890524,12.100000381469727,4.0,0.0015339808305725455,-0.0,0.0,12.0,4.0
0.3999,1783622739.629623,CALIBRATION,UNKNOWN,,calibration,CALIBRATION,2,-0.0,-0.0,-0.002689999993890524,12.100000381469727,4.0,-0.0,-0.0,0.0,12.0,4.0
0.4319,1783622739.661605,CALIBRATION,UNKNOWN,,calibration,CALIBRATION,2,-0.0015339808305725455,-0.0,-0.002689999993890524,12.100000381469727,4.0,-0.0,-0.0,0.0,12.0,4.0
0.4479,1783622739.677645,CALIBRATION,UNKNOWN,,calibration,CALIBRATION,2,-0.0015339808305725455,-0.0,-0.005379999987781048,12.100000381469727,4.0,-0.0,-0.0,0.0,12.0,4.0
0.4639,1783622739.693616,CALIBRATION,UNKNOWN,,calibration,CALIBRATION,2,-0.0,-0.0,-0.005379999987781048,12.100000381469727,4.0,0.0015339808305725455,-0.0,0.0,12.0,4.0
0.4799,1783622739.709625,CALIBRATION,UNKNOWN,,calibration,CALIBRATION,2,-0.0,-0.0,-0.002689999993890524,12.100000381469727,4.0,0.0015339808305725455,-0.0,0.0,12.0,4.0
0.4959,1783622739.725613,CALIBRATION,UNKNOWN,,calibration,CALIBRATION,2,-0.0,-0.0,-0.002689999993890524,12.100000381469727,4.0,0.0015339808305725455,-0.0,0.0,12.0,4.0
0.5119,1783622739.741618,CALIBRATION,UNKNOWN,,calibration,CALIBRATION,2,-0.0,-0.0,-0.005379999987781048,12.100000381469727,4.0,-0.0,-0.0,-0.002689999993890524,12.0,4.0
0.5279,1783622739.757612,CALIBRATION,UNKNOWN,,calibration,CALIBRATION,2,-0.0015339808305725455,-0.0,-0.002689999993890524,12.100000381469727,4.0,0.0015339808305725455,-0.0,0.0,12.0,4.0
0.5439,1783622739.773605,CALIBRATION,UNKNOWN,,calibration,CALIBRATION,2,-0.0015339808305725455,-0.0,-0.002689999993890524,12.100000381469727,4.0,0.0015339808305725455,-0.0,0.0,12.0,4.0
0.5599,1783622739.789612,CALIBRATION,UNKNOWN,,calibration,CALIBRATION,2,-0.0,-0.0,-0.005379999987781048,12.100000381469727,4.0,-0.0,-0.0,0.0,12.0,4.0
0.5759,1783622739.805635,CALIBRATION,UNKNOWN,,calibration,CALIBRATION,2,-0.0,-0.0,-0.005379999987781048,12.100000381469727,4.0,0.0015339808305725455,-0.0,0.0,12.0,4.0
0.5919,1783622739.821645,CALIBRATION,UNKNOWN,,calibration,CALIBRATION,2,-0.0,-0.0,-0.002689999993890524,12.100000381469727,4.0,-0.0,-0.0,0.0,12.0,4.0
0.6079,1783622739.837609,CALIBRATION,UNKNOWN,,calibration,CALIBRATION,2,-0.0015339808305725455,-0.0,-0.005379999987781048,12.100000381469727,4.0,-0.0,-0.0,0.0,12.0,4.0
0.6239,1783622739.853619,CALIBRATION,UNKNOWN,,calibration,CALIBRATION,2,-0.0,-0.0,-0.005379999987781048,12.100000381469727,4.0,-0.0,-0.0,0.0,12.0,4.0
0.6399,1783622739.869619,CALIBRATION,UNKNOWN,,calibration,CALIBRATION,2,-0.0,-0.0,-0.002689999993890524,12.100000381469727,4.0,0.0015339808305725455,-0.0,0.0,12.0,4.0
0.6559,1783622739.885615,CALIBRATION,UNKNOWN,,calibration,CALIBRATION,2,-0.0,-0.0,0.0,12.100000381469727,4.0,-0.0,-0.0,-0.002689999993890524,12.0,4.0
0.6719,1783622739.901615,CALIBRATION,UNKNOWN,,calibration,CALIBRATION,2,-0.0015339808305725455,-0.0,-0.002689999993890524,12.100000381469727,4.0,-0.0,-0.0,0.0,12.0,4.0
0.6879,1783622739.917622,CALIBRATION,UNKNOWN,,calibration,CALIBRATION,2,-0.0,-0.0,-0.005379999987781048,12.100000381469727,4.0,0.0015339808305725455,-0.0,-0.002689999993890524,12.0,4.0
0.7039,1783622739.933641,CALIBRATION,UNKNOWN,,calibration,CALIBRATION,2,-0.0,-0.0,-0.002689999993890524,12.100000381469727,4.0,-0.0,-0.0,0.0,12.0,4.0
0.7199,1783622739.949604,CALIBRATION,UNKNOWN,,calibration,CALIBRATION,2,-0.0015339808305725455,-0.0,-0.002689999993890524,12.100000381469727,4.0,0.0015339808305725455,-0.0,-0.002689999993890524,12.0,4.0
0.7359,1783622739.965621,CALIBRATION,UNKNOWN,,calibration,CALIBRATION,2,-0.0,-0.0,-0.002689999993890524,12.100000381469727,4.0,-0.0,-0.0,0.0,12.0,4.0
0.7519,1783622739.981618,CALIBRATION,UNKNOWN,,calibration,CALIBRATION,2,-0.0,-0.0,-0.002689999993890524,12.100000381469727,4.0,-0.0,-0.0,0.0,12.0,4.0
0.7679,1783622739.9976,CALIBRATION,UNKNOWN,,calibration,CALIBRATION,2,-0.0015339808305725455,-0.0,-0.002689999993890524,12.100000381469727,4.0,-0.0,-0.0,0.0,12.0,4.0
0.7839,1783622740.013628,CALIBRATION,UNKNOWN,,calibration,CALIBRATION,2,-0.0015339808305725455,-0.0,-0.002689999993890524,12.100000381469727,4.0,-0.0,-0.0,0.0,12.0,4.0
0.7999,1783622740.029614,CALIBRATION,UNKNOWN,,calibration,CALIBRATION,2,-0.0015339808305725455,-0.0,-0.002689999993890524,12.100000381469727,4.0,-0.0,-0.0,0.0,12.0,4.0
0.8159,1783622740.045611,CALIBRATION,UNKNOWN,,calibration,CALIBRATION,2,-0.0,-0.0,-0.005379999987781048,12.100000381469727,4.0,-0.0,-0.0,0.0,12.0,4.0
0.8319,1783622740.061618,CALIBRATION,UNKNOWN,,calibration,CALIBRATION,2,-0.0,-0.0,-0.002689999993890524,12.100000381469727,4.0,-0.0,-0.0,-0.002689999993890524,12.0,4.0
0.8479,1783622740.07759,CALIBRATION,UNKNOWN,,calibration,CALIBRATION,2,-0.0,-0.0,-0.002689999993890524,12.100000381469727,4.0,0.0015339808305725455,-0.0,0.0,12.0,4.0
0.8639,1783622740.093616,CALIBRATION,UNKNOWN,,calibration,CALIBRATION,2,-0.0,-0.0,-0.005379999987781048,12.100000381469727,4.0,-0.0,-0.0,-0.002689999993890524,12.0,4.0
0.8799,1783622740.109597,CALIBRATION,UNKNOWN,,calibration,CALIBRATION,2,-0.0,-0.0,-0.002689999993890524,12.100000381469727,4.0,-0.0,-0.0,0.0,12.0,4.0
0.8959,1783622740.125609,CALIBRATION,UNKNOWN,,calibration,CALIBRATION,2,-0.0,-0.0,-0.005379999987781048,12.100000381469727,4.0,-0.0,-0.0,-0.002689999993890524,12.0,4.0
0.9119,1783622740.141662,CALIBRATION,UNKNOWN,,calibration,CALIBRATION,2,-0.0015339808305725455,-0.0,-0.005379999987781048,12.100000381469727,4.0,-0.0,-0.0,0.0,12.0,4.0
0.9279,1783622740.157617,CALIBRATION,UNKNOWN,,calibration,CALIBRATION,2,-0.0,-0.0,-0.005379999987781048,12.100000381469727,4.0,0.0015339808305725455,-0.0,0.0,12.0,4.0
0.9439,1783622740.173593,CALIBRATION,UNKNOWN,,calibration,CALIBRATION,2,-0.0015339808305725455,-0.0,-0.002689999993890524,12.100000381469727,4.0,0.0015339808305725455,-0.0,0.0,12.0,4.0
0.9599,1783622740.189586,CALIBRATION,UNKNOWN,,calibration,CALIBRATION,2,-0.0015339808305725455,-0.0,-0.002689999993890524,12.100000381469727,4.0,0.0015339808305725455,-0.0,0.0,12.0,4.0
0.9758,1783622740.205573,CALIBRATION,UNKNOWN,,calibration,CALIBRATION,2,-0.0015339808305725455,-0.0,-0.002689999993890524,12.100000381469727,4.0,-0.0,-0.0,0.0,12.0,4.0
0.9919,1783622740.221627,CALIBRATION,UNKNOWN,,calibration,CALIBRATION,2,-0.0,-0.0,-0.002689999993890524,12.100000381469727,4.0,0.0015339808305725455,-0.0,0.0,12.0,4.0
1.0079,1783622740.237583,CALIBRATION,UNKNOWN,,calibration,CALIBRATION,2,-0.0015339808305725455,-0.0,-0.005379999987781048,12.100000381469727,4.0,-0.0,-0.0,0.0,12.0,4.0
1.0239,1783622740.253582,CALIBRATION,UNKNOWN,,calibration,CALIBRATION,2,-0.0015339808305725455,-0.0,-0.005379999987781048,12.100000381469727,4.0,-0.0,-0.0,0.0,12.0,4.0
1.0399,1783622740.269612,CALIBRATION,UNKNOWN,,calibration,CALIBRATION,2,-0.0,-0.0,-0.005379999987781048,12.100000381469727,4.0,-0.0,-0.0,0.0,12.0,4.0
1.0559,1783622740.28559,CALIBRATION,UNKNOWN,,calibration,CALIBRATION,2,-0.0,-0.0,-0.002689999993890524,12.100000381469727,4.0,-0.0,-0.0,0.0,12.0,4.0
1.0719,1783622740.301623,CALIBRATION,UNKNOWN,,calibration,CALIBRATION,2,-0.0,-0.0,0.0,12.100000381469727,4.0,-0.0,-0.0,0.0,12.0,4.0
1.088,1783622740.317684,CALIBRATION,UNKNOWN,,calibration,CALIBRATION,2,-0.0,-0.0,-0.002689999993890524,12.100000381469727,4.0,-0.0,-0.0,0.0,12.0,4.0
1.104,1783622740.333723,CALIBRATION,UNKNOWN,,calibration,CALIBRATION,2,-0.0,-0.0,-0.002689999993890524,12.100000381469727,4.0,-0.0,-0.0,0.0,12.0,4.0
1.1199,1783622740.349653,CALIBRATION,UNKNOWN,,calibration,CALIBRATION,2,-0.0,-0.0,-0.002689999993890524,12.100000381469727,4.0,-0.0,-0.0,0.0,12.0,4.0
1.136,1783622740.365733,CALIBRATION,UNKNOWN,,calibration,CALIBRATION,2,-0.0,-0.0,-0.002689999993890524,12.100000381469727,4.0,-0.0,-0.0,0.0,12.0,4.0
1.1521,1783622740.381786,CALIBRATION,UNKNOWN,,calibration,CALIBRATION,2,-0.0,-0.0,0.0,12.100000381469727,4.0,-0.0,-0.0,0.0,12.0,4.0
1.1678,1783622740.397562,CALIBRATION,UNKNOWN,,calibration,CALIBRATION,2,-0.0,-0.0,-0.002689999993890524,12.100000381469727,4.0,-0.0,-0.0,0.0,12.0,4.0
1.184,1783622740.413687,CALIBRATION,UNKNOWN,,calibration,CALIBRATION,2,-0.0,-0.0,-0.002689999993890524,12.100000381469727,4.0,-0.0,-0.0,0.0,12.0,4.0
1.1998,1783622740.429575,CALIBRATION,UNKNOWN,,calibration,CALIBRATION,2,-0.0,-0.0,-0.005379999987781048,12.100000381469727,4.0,0.0015339808305725455,-0.0,0.0,12.0,4.0
1.2158,1783622740.445554,CALIBRATION,UNKNOWN,,calibration,CALIBRATION,2,-0.0015339808305725455,-0.0,-0.002689999993890524,12.100000381469727,4.0,-0.0,-0.0,0.0,12.0,4.0
1.2479,1783622740.477595,CALIBRATION,UNKNOWN,,calibration,CALIBRATION,2,-0.0,-0.0,-0.005379999987781048,12.100000381469727,4.0,-0.0,-0.0,0.0,12.0,4.0
1.2639,1783622740.493604,CALIBRATION,UNKNOWN,,calibration,CALIBRATION,2,-0.0,-0.0,-0.005379999987781048,12.100000381469727,4.0,0.0015339808305725455,-0.0,0.0,12.0,4.0
1.2799,1783622740.509637,CALIBRATION,UNKNOWN,,calibration,CALIBRATION,2,-0.0,-0.0,-0.002689999993890524,12.100000381469727,4.0,0.0015339808305725455,-0.0,0.0,12.0,4.0
1.2959,1783622740.525582,CALIBRATION,UNKNOWN,,calibration,CALIBRATION,2,-0.0,-0.0,-0.002689999993890524,12.100000381469727,4.0,-0.0,-0.0,0.0,12.0,4.0
1.3119,1783622740.541632,CALIBRATION,UNKNOWN,,calibration,CALIBRATION,2,-0.0,-0.0,-0.002689999993890524,12.100000381469727,4.0,0.0015339808305725455,-0.0,0.0,12.0,4.0
1.3278,1783622740.557577,CALIBRATION,UNKNOWN,,calibration,CALIBRATION,2,-0.0,-0.0,-0.002689999993890524,12.100000381469727,4.0,-0.0,-0.0,0.0,12.0,4.0
1.3438,1783622740.573548,CALIBRATION,UNKNOWN,,calibration,CALIBRATION,2,-0.0015339808305725455,-0.0,-0.002689999993890524,12.100000381469727,4.0,-0.0,-0.0,0.0,12.0,4.0
1.3598,1783622740.589555,CALIBRATION,UNKNOWN,,calibration,CALIBRATION,2,-0.0,-0.0,-0.002689999993890524,12.100000381469727,4.0,0.0015339808305725455,-0.0,0.0,12.0,4.0
1.3758,1783622740.605567,CALIBRATION,UNKNOWN,,calibration,CALIBRATION,2,-0.0015339808305725455,-0.0,-0.002689999993890524,12.100000381469727,4.0,-0.0,-0.0,0.0,12.0,4.0
1.3919,1783622740.621651,CALIBRATION,UNKNOWN,,calibration,CALIBRATION,2,-0.0,-0.0,-0.002689999993890524,12.100000381469727,4.0,-0.0,-0.0,0.0,12.0,4.0
1.4078,1783622740.63755,CALIBRATION,UNKNOWN,,calibration,CALIBRATION,2,-0.0,-0.0,-0.002689999993890524,12.100000381469727,4.0,-0.0,-0.0,0.0,12.0,4.0
1.4239,1783622740.653581,CALIBRATION,UNKNOWN,,calibration,CALIBRATION,2,-0.0015339808305725455,-0.0,-0.002689999993890524,12.100000381469727,4.0,-0.0,-0.0,0.0,12.0,4.0
1.4398,1783622740.669553,CALIBRATION,UNKNOWN,,calibration,CALIBRATION,2,-0.0,-0.0,-0.002689999993890524,12.100000381469727,4.0,-0.0,-0.0,0.0,12.0,4.0
1.4558,1783622740.685551,CALIBRATION,UNKNOWN,,calibration,CALIBRATION,2,-0.0,-0.0,-0.002689999993890524,12.100000381469727,4.0,-0.0,-0.0,0.0,12.0,4.0
1.4718,1783622740.70156,CALIBRATION,UNKNOWN,,calibration,CALIBRATION,2,-0.0,-0.0,-0.002689999993890524,12.100000381469727,4.0,0.0015339808305725455,-0.0,-0.002689999993890524,12.0,4.0
1.4878,1783622740.717576,CALIBRATION,UNKNOWN,,calibration,CALIBRATION,2,-0.0,-0.0,-0.002689999993890524,12.100000381469727,4.0,-0.0,-0.0,0.0,12.0,4.0
1.5038,1783622740.73355,CALIBRATION,UNKNOWN,,calibration,CALIBRATION,2,-0.0,-0.0,-0.002689999993890524,12.100000381469727,4.0,-0.0,-0.0,0.0,12.0,4.0
1.5198,1783622740.749569,CALIBRATION,UNKNOWN,,calibration,CALIBRATION,2,-0.0015339808305725455,-0.0,-0.002689999993890524,12.100000381469727,4.0,0.0015339808305725455,-0.0,0.0,12.0,4.0
1.5359,1783622740.765588,CALIBRATION,UNKNOWN,,calibration,CALIBRATION,2,-0.0,-0.0,-0.002689999993890524,12.100000381469727,4.0,-0.0,-0.0,0.0,12.0,4.0
1.552,1783622740.781754,CALIBRATION,UNKNOWN,,calibration,CALIBRATION,2,-0.0,-0.0,-0.002689999993890524,12.100000381469727,4.0,-0.0,-0.0,0.0,12.0,4.0
1.5679,1783622740.797614,CALIBRATION,UNKNOWN,,calibration,CALIBRATION,2,-0.0,-0.0,0.0,12.100000381469727,4.0,0.0015339808305725455,-0.0,-0.002689999993890524,12.0,4.0
1.5839,1783622740.813609,CALIBRATION,UNKNOWN,,calibration,CALIBRATION,2,-0.0015339808305725455,-0.0,-0.002689999993890524,12.100000381469727,4.0,-0.0,-0.0,-0.002689999993890524,12.0,4.0
1.5999,1783622740.829605,CALIBRATION,UNKNOWN,,calibration,CALIBRATION,2,-0.0,-0.0,-0.002689999993890524,12.100000381469727,4.0,-0.0,-0.0,0.0,12.0,4.0
1.6158,1783622740.845577,CALIBRATION,UNKNOWN,,calibration,CALIBRATION,2,-0.0,-0.0,-0.002689999993890524,12.100000381469727,4.0,-0.0,-0.0,0.0,12.0,4.0
1.6319,1783622740.861653,CALIBRATION,UNKNOWN,,calibration,CALIBRATION,2,-0.0015339808305725455,-0.0,-0.002689999993890524,12.100000381469727,4.0,-0.0,-0.0,0.0,12.0,4.0
1.6478,1783622740.87757,CALIBRATION,UNKNOWN,,calibration,CALIBRATION,2,-0.0,-0.0,-0.002689999993890524,12.100000381469727,4.0,-0.0,-0.0,0.0,12.0,4.0
1.6638,1783622740.893577,CALIBRATION,UNKNOWN,,calibration,CALIBRATION,2,-0.0,-0.0,-0.002689999993890524,12.100000381469727,4.0,0.0015339808305725455,-0.0,0.0,12.0,4.0
1.6798,1783622740.909559,CALIBRATION,UNKNOWN,,calibration,CALIBRATION,2,-0.0015339808305725455,-0.0,-0.002689999993890524,12.100000381469727,4.0,-0.0,-0.0,0.0,12.0,4.0
1.6958,1783622740.925569,CALIBRATION,UNKNOWN,,calibration,CALIBRATION,2,-0.0,-0.0,-0.002689999993890524,12.100000381469727,4.0,-0.0,-0.0,0.0,12.0,4.0
1.7118,1783622740.941564,CALIBRATION,UNKNOWN,,calibration,CALIBRATION,2,-0.0,-0.0,0.0,12.100000381469727,4.0,-0.0,-0.0,0.0,12.0,4.0
1.7278,1783622740.957568,CALIBRATION,UNKNOWN,,calibration,CALIBRATION,2,-0.0,-0.0,0.0,12.100000381469727,4.0,-0.0,-0.0,0.0,12.0,4.0
1.7438,1783622740.973556,CALIBRATION,UNKNOWN,,calibration,CALIBRATION,2,-0.0,-0.0,-0.002689999993890524,12.100000381469727,4.0,-0.0,-0.0,0.0,12.0,4.0
1.7598,1783622740.989531,CALIBRATION,UNKNOWN,,calibration,CALIBRATION,2,-0.0,-0.0,-0.002689999993890524,12.100000381469727,4.0,-0.0,-0.0,0.0,12.0,4.0
1.7759,1783622741.005579,CALIBRATION,UNKNOWN,,calibration,CALIBRATION,2,-0.0,-0.0,-0.002689999993890524,12.100000381469727,4.0,0.0015339808305725455,-0.0,0.0,12.0,4.0
1.7919,1783622741.021628,CALIBRATION,UNKNOWN,,calibration,CALIBRATION,2,-0.0015339808305725455,-0.0,-0.002689999993890524,12.100000381469727,4.0,-0.0,-0.0,0.0,12.0,4.0
1.8078,1783622741.037564,CALIBRATION,UNKNOWN,,calibration,CALIBRATION,2,-0.0015339808305725455,-0.0,-0.002689999993890524,12.100000381469727,4.0,-0.0,-0.0,0.0,12.0,4.0
1.8238,1783622741.05356,CALIBRATION,UNKNOWN,,calibration,CALIBRATION,2,-0.0,-0.0,-0.005379999987781048,12.100000381469727,4.0,-0.0,-0.0,0.0,12.0,4.0
1.8399,1783622741.069587,CALIBRATION,UNKNOWN,,calibration,CALIBRATION,2,-0.0,-0.0,-0.002689999993890524,12.100000381469727,4.0,0.0015339808305725455,-0.0,0.0,12.0,4.0
1.8558,1783622741.085556,CALIBRATION,UNKNOWN,,calibration,CALIBRATION,2,-0.0015339808305725455,-0.0,-0.002689999993890524,12.100000381469727,4.0,0.0015339808305725455,-0.0,0.0,12.0,4.0
1.8718,1783622741.101567,CALIBRATION,UNKNOWN,,calibration,CALIBRATION,2,-0.0015339808305725455,-0.0,-0.002689999993890524,12.100000381469727,4.0,-0.0,-0.0,0.0,12.0,4.0
1.8879,1783622741.1176,CALIBRATION,UNKNOWN,,calibration,CALIBRATION,2,-0.0,-0.0,-0.002689999993890524,12.100000381469727,4.0,-0.0,-0.0,0.0,12.0,4.0
1.9039,1783622741.133601,CALIBRATION,UNKNOWN,,calibration,CALIBRATION,2,-0.0,-0.0,-0.005379999987781048,12.100000381469727,4.0,-0.0,-0.0,0.0,12.0,4.0
1.9198,1783622741.149551,CALIBRATION,UNKNOWN,,calibration,CALIBRATION,2,-0.0015339808305725455,-0.0,-0.002689999993890524,12.100000381469727,4.0,0.0015339808305725455,-0.0,0.0,12.0,4.0
1.9358,1783622741.165556,CALIBRATION,UNKNOWN,,calibration,CALIBRATION,2,-0.0,-0.0,-0.002689999993890524,12.100000381469727,4.0,0.0015339808305725455,-0.0,0.0,12.0,4.0
1.9518,1783622741.181527,CALIBRATION,UNKNOWN,,calibration,CALIBRATION,2,-0.0,-0.0,0.0,12.100000381469727,4.0,-0.0,-0.0,0.0,12.0,4.0
1.9678,1783622741.197533,CALIBRATION,UNKNOWN,,calibration,CALIBRATION,2,-0.0015339808305725455,-0.0,-0.005379999987781048,12.100000381469727,4.0,-0.0,-0.0,0.0,12.0,4.0
1.9838,1783622741.213556,CALIBRATION,UNKNOWN,,calibration,CALIBRATION,2,-0.0015339808305725455,-0.0,-0.002689999993890524,12.100000381469727,4.0,0.0015339808305725455,-0.0,-0.002689999993890524,12.0,4.0
1.9998,1783622741.229523,CALIBRATION,UNKNOWN,,calibration,CALIBRATION,2,-0.0,-0.0,-0.005379999987781048,12.100000381469727,4.0,0.0015339808305725455,-0.0,0.0,12.0,4.0
2.0158,1783622741.245524,CALIBRATION,UNKNOWN,,calibration,CALIBRATION,2,-0.0015339808305725455,-0.0,-0.002689999993890524,12.100000381469727,4.0,0.0015339808305725455,-0.0,0.0,12.0,4.0
2.0318,1783622741.261535,CALIBRATION,UNKNOWN,,calibration,CALIBRATION,2,-0.0,-0.0,-0.002689999993890524,12.100000381469727,4.0,0.0015339808305725455,-0.0,0.0,12.0,4.0
2.0638,1783622741.293523,CALIBRATION,UNKNOWN,,calibration,CALIBRATION,2,-0.0,-0.0,-0.005379999987781048,12.100000381469727,4.0,-0.0,-0.0,0.0,12.0,4.0
2.0798,1783622741.309532,CALIBRATION,UNKNOWN,,calibration,CALIBRATION,2,-0.0015339808305725455,-0.0,-0.002689999993890524,12.100000381469727,4.0,-0.0,-0.0,0.0,12.0,4.0
2.0958,1783622741.325528,CALIBRATION,UNKNOWN,,calibration,CALIBRATION,2,-0.0,-0.0,0.0,12.100000381469727,4.0,-0.0,-0.0,0.0,12.0,4.0
2.1118,1783622741.341508,CALIBRATION,UNKNOWN,,calibration,CALIBRATION,2,-0.0015339808305725455,-0.0,-0.005379999987781048,12.100000381469727,4.0,0.0015339808305725455,-0.0,0.0,12.0,4.0
2.1278,1783622741.357485,CALIBRATION,UNKNOWN,,calibration,CALIBRATION,2,-0.0,-0.0,-0.002689999993890524,12.100000381469727,4.0,-0.0,-0.0,0.0,12.0,4.0
2.1438,1783622741.373512,CALIBRATION,UNKNOWN,,calibration,CALIBRATION,2,-0.0,-0.0,-0.002689999993890524,12.100000381469727,4.0,0.0015339808305725455,-0.0,0.0,12.0,4.0
2.1598,1783622741.389509,CALIBRATION,UNKNOWN,,calibration,CALIBRATION,2,-0.0,-0.0,-0.002689999993890524,12.100000381469727,4.0,-0.0,-0.0,0.0,12.0,4.0
2.1758,1783622741.405566,CALIBRATION,UNKNOWN,,calibration,CALIBRATION,2,-0.0015339808305725455,-0.0,-0.002689999993890524,12.100000381469727,4.0,0.0015339808305725455,-0.0,0.0,12.0,4.0
2.1918,1783622741.421482,CALIBRATION,UNKNOWN,,calibration,CALIBRATION,2,-0.0,-0.0,-0.002689999993890524,12.100000381469727,4.0,0.0015339808305725455,-0.0,0.0,12.0,4.0
2.2079,1783622741.437584,CALIBRATION,UNKNOWN,,calibration,CALIBRATION,2,-0.0,-0.0,-0.002689999993890524,12.100000381469727,4.0,-0.0,-0.0,-0.002689999993890524,12.0,4.0
2.2238,1783622741.45353,CALIBRATION,UNKNOWN,,calibration,CALIBRATION,2,-0.0,-0.0,-0.002689999993890524,12.100000381469727,4.0,-0.0,-0.0,0.0,12.0,4.0
2.2398,1783622741.469499,CALIBRATION,UNKNOWN,,calibration,CALIBRATION,2,-0.0,-0.0,0.0,12.100000381469727,4.0,-0.0,-0.0,-0.002689999993890524,12.0,4.0
2.2558,1783622741.48551,CALIBRATION,UNKNOWN,,calibration,CALIBRATION,2,-0.0,-0.0,-0.002689999993890524,12.100000381469727,4.0,-0.0,-0.0,0.0,12.0,4.0
2.2718,1783622741.501495,CALIBRATION,UNKNOWN,,calibration,CALIBRATION,2,-0.0,-0.0,-0.002689999993890524,12.100000381469727,4.0,-0.0,-0.0,-0.002689999993890524,12.0,4.0
2.2878,1783622741.5175,CALIBRATION,UNKNOWN,,calibration,CALIBRATION,2,-0.0,-0.0,-0.002689999993890524,12.100000381469727,4.0,-0.0,-0.0,-0.002689999993890524,12.0,4.0
2.3038,1783622741.53353,CALIBRATION,UNKNOWN,,calibration,CALIBRATION,2,-0.0,-0.0,-0.002689999993890524,12.100000381469727,4.0,-0.0,-0.0,-0.002689999993890524,12.0,4.0
2.3198,1783622741.549516,CALIBRATION,UNKNOWN,,calibration,CALIBRATION,2,-0.0,-0.0,-0.002689999993890524,12.100000381469727,4.0,-0.0,-0.0,-0.002689999993890524,12.0,4.0
2.336,1783622741.565698,CALIBRATION,UNKNOWN,,calibration,CALIBRATION,2,-0.0,-0.0,-0.002689999993890524,12.100000381469727,4.0,-0.0,-0.0,0.0,12.0,4.0
2.3521,1783622741.581796,CALIBRATION,UNKNOWN,,calibration,CALIBRATION,2,-0.0,-0.0,-0.002689999993890524,12.100000381469727,4.0,-0.0,-0.0,0.0,12.0,4.0
2.3679,1783622741.597676,CALIBRATION,UNKNOWN,,calibration,CALIBRATION,2,-0.0015339808305725455,-0.0,-0.002689999993890524,12.100000381469727,4.0,-0.0,-0.0,-0.002689999993890524,12.0,4.0
2.3839,1783622741.613663,CALIBRATION,UNKNOWN,,calibration,CALIBRATION,2,-0.0,-0.0,-0.002689999993890524,12.100000381469727,4.0,-0.0,-0.0,-0.002689999993890524,12.0,4.0
2.3998,1783622741.629572,CALIBRATION,UNKNOWN,,calibration,CALIBRATION,2,-0.0,-0.0,-0.002689999993890524,12.100000381469727,4.0,-0.0,-0.0,0.0,12.0,4.0
2.4159,1783622741.645662,CALIBRATION,UNKNOWN,,calibration,CALIBRATION,2,-0.0,-0.0,0.0,12.100000381469727,4.0,0.0015339808305725455,-0.0,-0.002689999993890524,12.0,4.0
2.4319,1783622741.661619,CALIBRATION,UNKNOWN,,calibration,CALIBRATION,2,-0.0,-0.0,-0.002689999993890524,12.100000381469727,4.0,-0.0,-0.0,0.0,12.0,4.0
2.4478,1783622741.677535,CALIBRATION,UNKNOWN,,calibration,CALIBRATION,2,-0.0,-0.0,-0.002689999993890524,12.100000381469727,4.0,-0.0,-0.0,0.0,12.0,4.0
2.4638,1783622741.693529,CALIBRATION,UNKNOWN,,calibration,CALIBRATION,2,-0.0,-0.0,-0.002689999993890524,12.100000381469727,4.0,-0.0,-0.0,0.0,12.0,4.0
2.4798,1783622741.709523,CALIBRATION,UNKNOWN,,calibration,CALIBRATION,2,-0.0,-0.0,0.0,12.100000381469727,4.0,-0.0,-0.0,0.0,12.0,4.0
2.4958,1783622741.725561,CALIBRATION,UNKNOWN,,calibration,CALIBRATION,2,-0.0015339808305725455,-0.0,0.0,12.100000381469727,4.0,-0.0,-0.0,0.0,12.0,4.0
2.5118,1783622741.741545,CALIBRATION,UNKNOWN,,calibration,CALIBRATION,2,-0.0,-0.0,-0.005379999987781048,12.100000381469727,4.0,0.0015339808305725455,-0.0,0.0,12.0,4.0
2.5279,1783622741.757598,CALIBRATION,UNKNOWN,,calibration,CALIBRATION,2,-0.0,-0.0,-0.005379999987781048,12.100000381469727,4.0,0.0015339808305725455,-0.0,0.0,12.0,4.0
2.5438,1783622741.773576,CALIBRATION,UNKNOWN,,calibration,CALIBRATION,2,-0.0015339808305725455,-0.0,-0.005379999987781048,12.100000381469727,4.0,0.0015339808305725455,-0.0,0.0,12.0,4.0
2.56,1783622741.789693,CALIBRATION,UNKNOWN,,calibration,CALIBRATION,2,-0.0,-0.0,-0.005379999987781048,12.100000381469727,4.0,-0.0,-0.0,0.0,12.0,4.0
2.5761,1783622741.805832,CALIBRATION,UNKNOWN,,calibration,CALIBRATION,2,-0.0015339808305725455,-0.0,-0.005379999987781048,12.100000381469727,4.0,-0.0,-0.0,0.0,12.0,4.0
2.5927,1783622741.822401,CALIBRATION,UNKNOWN,,calibration,CALIBRATION,2,-0.0015339808305725455,-0.0,-0.005379999987781048,12.100000381469727,4.0,0.0015339808305725455,-0.0,0.0,12.0,4.0
2.6079,1783622741.837662,CALIBRATION,UNKNOWN,,calibration,CALIBRATION,2,-0.0015339808305725455,-0.0,-0.002689999993890524,12.100000381469727,4.0,-0.0,-0.0,0.0,12.0,4.0
2.6241,1783622741.853825,CALIBRATION,UNKNOWN,,calibration,CALIBRATION,2,-0.0,-0.0,-0.005379999987781048,12.100000381469727,4.0,-0.0,-0.0,0.0,12.0,4.0
2.6399,1783622741.86959,CALIBRATION,UNKNOWN,,calibration,CALIBRATION,2,-0.0,-0.0,-0.002689999993890524,12.100000381469727,4.0,-0.0,-0.0,-0.002689999993890524,12.0,4.0
2.6559,1783622741.885587,CALIBRATION,UNKNOWN,,calibration,CALIBRATION,2,-0.0,-0.0,-0.008070000447332859,12.100000381469727,4.0,0.0015339808305725455,-0.0,0.0,12.0,4.0
2.6721,1783622741.901803,CALIBRATION,UNKNOWN,,calibration,CALIBRATION,2,-0.0015339808305725455,-0.0,-0.005379999987781048,12.100000381469727,4.0,0.0015339808305725455,-0.0,-0.002689999993890524,12.0,4.0
2.6879,1783622741.917677,CALIBRATION,UNKNOWN,,calibration,CALIBRATION,2,-0.0,-0.0,-0.008070000447332859,12.100000381469727,4.0,0.0015339808305725455,-0.0,0.0,12.0,4.0
2.7039,1783622741.933579,CALIBRATION,UNKNOWN,,calibration,CALIBRATION,2,-0.0,-0.0,-0.005379999987781048,12.100000381469727,4.0,-0.0,-0.0,-0.002689999993890524,12.0,4.0
2.7199,1783622741.949616,CALIBRATION,UNKNOWN,,calibration,CALIBRATION,2,-0.0015339808305725455,-0.0,-0.005379999987781048,12.100000381469727,4.0,-0.0,-0.0,0.0,12.0,4.0
2.7358,1783622741.965528,CALIBRATION,UNKNOWN,,calibration,CALIBRATION,2,-0.0015339808305725455,-0.0,-0.005379999987781048,12.100000381469727,4.0,-0.0,-0.0,0.0,12.0,4.0
2.7519,1783622741.981637,CALIBRATION,UNKNOWN,,calibration,CALIBRATION,2,-0.0,-0.0,-0.005379999987781048,12.100000381469727,4.0,-0.0,-0.0,0.0,12.0,4.0
2.7679,1783622741.99763,CALIBRATION,UNKNOWN,,calibration,CALIBRATION,2,-0.0,-0.0,-0.002689999993890524,12.100000381469727,4.0,0.0015339808305725455,-0.0,0.0,12.0,4.0
2.7839,1783622742.013629,CALIBRATION,UNKNOWN,,calibration,CALIBRATION,2,-0.0,-0.0,-0.005379999987781048,12.100000381469727,4.0,-0.0,-0.0,0.0,12.0,4.0
2.7999,1783622742.029596,CALIBRATION,UNKNOWN,,calibration,CALIBRATION,2,-0.0,-0.0,-0.008070000447332859,12.100000381469727,4.0,-0.0,-0.0,0.0,12.0,4.0
2.8158,1783622742.045539,CALIBRATION,UNKNOWN,,calibration,CALIBRATION,2,-0.0015339808305725455,-0.0,-0.008070000447332859,12.100000381469727,4.0,0.0015339808305725455,-0.0,0.0,12.0,4.0
2.8318,1783622742.061525,CALIBRATION,UNKNOWN,,calibration,CALIBRATION,2,-0.0015339808305725455,-0.0,-0.002689999993890524,12.100000381469727,4.0,0.0015339808305725455,-0.0,0.0,12.0,4.0
2.8477,1783622742.077468,CALIBRATION,UNKNOWN,,calibration,CALIBRATION,2,-0.0,-0.0,-0.005379999987781048,12.100000381469727,4.0,-0.0,-0.0,0.0,12.0,4.0
2.8798,1783622742.109514,CALIBRATION,UNKNOWN,,calibration,CALIBRATION,2,-0.0,-0.0,-0.005379999987781048,12.100000381469727,4.0,-0.0,-0.0,0.0,12.0,4.0
2.8958,1783622742.125504,CALIBRATION,UNKNOWN,,calibration,CALIBRATION,2,-0.0,-0.0,-0.005379999987781048,12.100000381469727,4.0,0.0015339808305725455,-0.0,0.0,12.0,4.0
2.9127,1783622742.14247,CALIBRATION,UNKNOWN,,calibration,CALIBRATION,2,-0.0015339808305725455,-0.0,-0.010759999975562096,12.100000381469727,4.0,-0.0,-0.0,0.0,12.0,4.0
2.9279,1783622742.157612,CALIBRATION,UNKNOWN,,calibration,CALIBRATION,2,-0.0015339808305725455,-0.0,-0.002689999993890524,12.100000381469727,4.0,0.0015339808305725455,-0.0,0.0,12.0,4.0
2.9439,1783622742.173624,CALIBRATION,UNKNOWN,,calibration,CALIBRATION,2,-0.0015339808305725455,-0.0,-0.005379999987781048,12.100000381469727,4.0,-0.0,-0.0,-0.002689999993890524,12.0,4.0
2.9599,1783622742.189638,CALIBRATION,UNKNOWN,,calibration,CALIBRATION,2,-0.0,-0.0,-0.005379999987781048,12.100000381469727,4.0,-0.0,-0.0,0.0,12.0,4.0
2.976,1783622742.205749,CALIBRATION,UNKNOWN,,calibration,CALIBRATION,2,-0.0,-0.0,-0.002689999993890524,12.100000381469727,4.0,-0.0,-0.0,0.0,12.0,4.0
2.9921,1783622742.221784,CALIBRATION,UNKNOWN,,calibration,CALIBRATION,2,-0.0,-0.0,0.0,12.100000381469727,4.0,-0.0,-0.0,-0.002689999993890524,12.0,4.0
3.008,1783622742.237708,CALIBRATION,UNKNOWN,,calibration,CALIBRATION,2,-0.0,-0.0,0.0,12.100000381469727,4.0,-0.0,-0.0,0.0,12.0,4.0
3.0239,1783622742.25365,CALIBRATION,UNKNOWN,,calibration,CALIBRATION,2,-0.0,-0.0,0.0,12.100000381469727,4.0,-0.0,-0.0,0.0,12.0,4.0
3.0398,1783622742.269506,CALIBRATION,UNKNOWN,,calibration,CALIBRATION,2,-0.0,-0.0,0.0,12.100000381469727,4.0,-0.0,-0.0,0.0,12.0,4.0
3.0557,1783622742.285468,CALIBRATION,UNKNOWN,,calibration,CALIBRATION,2,-0.0,-0.0,0.0,12.100000381469727,4.0,-0.0,-0.0,-0.002689999993890524,12.0,4.0
3.0718,1783622742.301481,CALIBRATION,UNKNOWN,,calibration,CALIBRATION,2,-0.0,-0.0,0.0,12.100000381469727,4.0,-0.0,-0.0,-0.002689999993890524,12.0,4.0
3.0877,1783622742.317446,CALIBRATION,UNKNOWN,,calibration,CALIBRATION,2,-0.0,-0.0,0.0,12.100000381469727,4.0,-0.0,-0.0,-0.002689999993890524,12.0,4.0
3.1038,1783622742.333551,CALIBRATION,UNKNOWN,,calibration,CALIBRATION,2,-0.0,-0.0,0.0,12.100000381469727,4.0,-0.0,-0.0,-0.002689999993890524,12.0,4.0
3.1198,1783622742.349483,CALIBRATION,UNKNOWN,,calibration,CALIBRATION,2,-0.0,-0.0,0.0,12.100000381469727,4.0,-0.0,-0.0,0.0,12.0,4.0
3.1358,1783622742.365545,CALIBRATION,UNKNOWN,,calibration,CALIBRATION,2,-0.0,-0.0,0.0,12.100000381469727,4.0,-0.0,-0.0,0.0,12.0,4.0
3.1517,1783622742.38145,CALIBRATION,UNKNOWN,,calibration,CALIBRATION,2,-0.0,-0.0,0.0,12.100000381469727,4.0,-0.0,-0.0,0.0,12.0,4.0
3.1677,1783622742.397475,CALIBRATION,UNKNOWN,,calibration,CALIBRATION,2,-0.0,-0.0,0.0,12.100000381469727,4.0,-0.0,-0.0,0.0,12.0,4.0
3.1837,1783622742.413476,CALIBRATION,UNKNOWN,,calibration,CALIBRATION,2,-0.0,-0.0,-0.002689999993890524,12.100000381469727,4.0,0.0015339808305725455,-0.0,-0.002689999993890524,12.0,4.0
3.1997,1783622742.429442,CALIBRATION,UNKNOWN,,calibration,CALIBRATION,2,-0.0,-0.0,0.0,12.100000381469727,4.0,-0.0,-0.0,0.0,12.0,4.0
3.2157,1783622742.445473,CALIBRATION,UNKNOWN,,calibration,CALIBRATION,2,-0.0,-0.0,0.0,12.100000381469727,4.0,-0.0,-0.0,0.0,12.0,4.0
3.2318,1783622742.46155,CALIBRATION,UNKNOWN,,calibration,CALIBRATION,2,-0.0,-0.0,0.0,12.100000381469727,4.0,0.0015339808305725455,-0.0,-0.002689999993890524,12.0,4.0
3.2478,1783622742.477543,CALIBRATION,UNKNOWN,,calibration,CALIBRATION,2,-0.0,-0.0,0.0,12.100000381469727,4.0,-0.0,-0.0,-0.002689999993890524,12.0,4.0
3.2638,1783622742.49354,CALIBRATION,UNKNOWN,,calibration,CALIBRATION,2,-0.0,-0.0,0.0,12.100000381469727,4.0,-0.0,-0.0,0.0,12.0,4.0
3.2798,1783622742.509551,CALIBRATION,UNKNOWN,,calibration,CALIBRATION,2,-0.0,-0.0,-0.002689999993890524,12.100000381469727,4.0,0.0015339808305725455,-0.0,0.0,12.0,4.0
3.2958,1783622742.525569,CALIBRATION,UNKNOWN,,calibration,CALIBRATION,2,-0.0,-0.0,0.0,12.100000381469727,4.0,-0.0,-0.0,-0.002689999993890524,12.0,4.0
3.3119,1783622742.541635,CALIBRATION,UNKNOWN,,calibration,CALIBRATION,2,-0.0,-0.0,0.0,12.100000381469727,4.0,-0.0,-0.0,0.0,12.0,4.0
3.3277,1783622742.557415,CALIBRATION,UNKNOWN,,calibration,CALIBRATION,2,-0.0,-0.0,-0.002689999993890524,12.100000381469727,4.0,-0.0,-0.0,0.0,12.0,4.0
3.3438,1783622742.573545,CALIBRATION,UNKNOWN,,calibration,CALIBRATION,2,-0.0,-0.0,0.0,12.100000381469727,4.0,-0.0,-0.0,0.0,12.0,4.0
3.3598,1783622742.589556,CALIBRATION,UNKNOWN,,calibration,CALIBRATION,2,-0.0,-0.0,0.0,12.100000381469727,4.0,0.0015339808305725455,-0.0,0.0,12.0,4.0
3.3758,1783622742.605549,CALIBRATION,UNKNOWN,,calibration,CALIBRATION,2,-0.0,-0.0,0.0,12.100000381469727,4.0,0.0015339808305725455,-0.0,0.0,12.0,4.0
3.3919,1783622742.621659,CALIBRATION,UNKNOWN,,calibration,CALIBRATION,2,-0.0,-0.0,-0.002689999993890524,12.100000381469727,4.0,-0.0,-0.0,0.0,12.0,4.0
3.4079,1783622742.637653,CALIBRATION,UNKNOWN,,calibration,CALIBRATION,2,-0.0,-0.0,-0.002689999993890524,12.100000381469727,4.0,0.0015339808305725455,-0.0,0.0,12.0,4.0
3.4238,1783622742.653563,CALIBRATION,UNKNOWN,,calibration,CALIBRATION,2,-0.0,-0.0,-0.005379999987781048,12.100000381469727,4.0,-0.0,-0.0,0.0,12.0,4.0
3.4402,1783622742.669934,CALIBRATION,UNKNOWN,,calibration,CALIBRATION,2,-0.0,-0.0,-0.002689999993890524,12.100000381469727,4.0,0.0015339808305725455,-0.0,0.0,12.0,4.0
3.4561,1783622742.685819,CALIBRATION,UNKNOWN,,calibration,CALIBRATION,2,-0.0,-0.0,-0.002689999993890524,12.100000381469727,4.0,0.0015339808305725455,-0.0,0.0,12.0,4.0
3.4718,1783622742.701547,CALIBRATION,UNKNOWN,,calibration,CALIBRATION,2,-0.0,-0.0,-0.002689999993890524,12.100000381469727,4.0,0.0015339808305725455,-0.0,0.0,12.0,4.0
3.4878,1783622742.717553,CALIBRATION,UNKNOWN,,calibration,CALIBRATION,2,-0.0,-0.0,-0.002689999993890524,12.100000381469727,4.0,-0.0,-0.0,0.0,12.0,4.0
3.5038,1783622742.73355,CALIBRATION,UNKNOWN,,calibration,CALIBRATION,2,-0.0,-0.0,-0.002689999993890524,12.100000381469727,4.0,0.0015339808305725455,-0.0,0.0,12.0,4.0
3.5198,1783622742.74951,CALIBRATION,UNKNOWN,,calibration,CALIBRATION,2,-0.0,-0.0,0.0,12.100000381469727,4.0,-0.0,-0.0,-0.002689999993890524,12.0,4.0
3.5358,1783622742.765518,CALIBRATION,UNKNOWN,,calibration,CALIBRATION,2,-0.0,-0.0,0.0,12.100000381469727,4.0,0.0015339808305725455,-0.0,0.0,12.0,4.0
3.5519,1783622742.781625,CALIBRATION,UNKNOWN,,calibration,CALIBRATION,2,-0.0,-0.0,0.0,12.100000381469727,4.0,-0.0,-0.0,0.0,12.0,4.0
3.5677,1783622742.797457,CALIBRATION,UNKNOWN,,calibration,CALIBRATION,2,-0.0,-0.0,0.0,12.100000381469727,4.0,-0.0,-0.0,-0.002689999993890524,12.0,4.0
3.5839,1783622742.813645,CALIBRATION,UNKNOWN,,calibration,CALIBRATION,2,-0.0,-0.0,0.0,12.100000381469727,4.0,0.0015339808305725455,-0.0,0.0,12.0,4.0
3.5999,1783622742.829613,CALIBRATION,UNKNOWN,,calibration,CALIBRATION,2,-0.0,-0.0,0.0,12.100000381469727,4.0,-0.0,-0.0,0.0,12.0,4.0
3.6157,1783622742.845453,CALIBRATION,UNKNOWN,,calibration,CALIBRATION,2,-0.0,-0.0,0.0,12.100000381469727,4.0,-0.0,-0.0,0.0,12.0,4.0
3.6317,1783622742.861402,CALIBRATION,UNKNOWN,,calibration,CALIBRATION,2,-0.0,-0.0,0.0,12.100000381469727,4.0,-0.0,-0.0,0.0,12.0,4.0
3.6477,1783622742.877409,CALIBRATION,UNKNOWN,,calibration,CALIBRATION,2,-0.0,-0.0,0.0,12.100000381469727,4.0,-0.0,-0.0,0.0,12.0,4.0
3.6638,1783622742.893478,CALIBRATION,UNKNOWN,,calibration,CALIBRATION,2,-0.0,-0.0,0.0,12.100000381469727,4.0,-0.0,-0.0,0.0,12.0,4.0
3.6957,1783622742.925402,CALIBRATION,UNKNOWN,,calibration,CALIBRATION,2,-0.0,-0.0,0.0,12.100000381469727,4.0,0.0015339808305725455,-0.0,0.0,12.0,4.0
3.7118,1783622742.941564,CALIBRATION,UNKNOWN,,calibration,CALIBRATION,2,-0.0,-0.0,0.0,12.100000381469727,4.0,-0.0,-0.0,0.0,12.0,4.0
3.7277,1783622742.957449,CALIBRATION,UNKNOWN,,calibration,CALIBRATION,2,-0.0,-0.0,0.0,12.100000381469727,4.0,-0.0,-0.0,0.0,12.0,4.0
3.7437,1783622742.973436,CALIBRATION,UNKNOWN,,calibration,CALIBRATION,2,-0.0,-0.0,0.0,12.100000381469727,4.0,-0.0,-0.0,0.0,12.0,4.0
3.7597,1783622742.98946,CALIBRATION,UNKNOWN,,calibration,CALIBRATION,2,-0.0,-0.0,0.0,12.100000381469727,4.0,0.0015339808305725455,-0.0,-0.002689999993890524,12.0,4.0
3.7758,1783622743.00557,CALIBRATION,UNKNOWN,,calibration,CALIBRATION,2,-0.0,-0.0,0.0,12.100000381469727,4.0,-0.0,-0.0,-0.002689999993890524,12.0,4.0
3.7918,1783622743.021479,CALIBRATION,UNKNOWN,,calibration,CALIBRATION,2,-0.0,-0.0,0.0,12.100000381469727,4.0,0.0015339808305725455,-0.0,0.0,12.0,4.0
3.8077,1783622743.037452,CALIBRATION,UNKNOWN,,calibration,CALIBRATION,2,-0.0,-0.0,0.0,12.100000381469727,4.0,0.0015339808305725455,-0.0,0.0,12.0,4.0
3.8237,1783622743.053424,CALIBRATION,UNKNOWN,,calibration,CALIBRATION,2,-0.0,-0.0,0.0,12.100000381469727,4.0,-0.0,-0.0,0.0,12.0,4.0
3.8397,1783622743.06941,CALIBRATION,UNKNOWN,,calibration,CALIBRATION,2,-0.0,-0.0,0.0,12.100000381469727,4.0,0.0015339808305725455,-0.0,0.0,12.0,4.0
3.8557,1783622743.085408,CALIBRATION,UNKNOWN,,calibration,CALIBRATION,2,-0.0,-0.0,0.0,12.100000381469727,4.0,-0.0,-0.0,0.0,12.0,4.0
3.8717,1783622743.101408,CALIBRATION,UNKNOWN,,calibration,CALIBRATION,2,-0.0,-0.0,0.0,12.100000381469727,4.0,-0.0,-0.0,0.0,12.0,4.0
3.8877,1783622743.117429,CALIBRATION,UNKNOWN,,calibration,CALIBRATION,2,-0.0,-0.0,0.0,12.100000381469727,4.0,-0.0,-0.0,0.0,12.0,4.0
3.9037,1783622743.133464,CALIBRATION,UNKNOWN,,calibration,CALIBRATION,2,-0.0,-0.0,0.0,12.100000381469727,4.0,-0.0,-0.0,0.0,12.0,4.0
3.9197,1783622743.149412,CALIBRATION,UNKNOWN,,calibration,CALIBRATION,2,-0.0,-0.0,0.0,12.100000381469727,4.0,-0.0,-0.0,-0.002689999993890524,12.0,4.0
3.9357,1783622743.165393,CALIBRATION,UNKNOWN,,calibration,CALIBRATION,2,-0.0,-0.0,0.0,12.100000381469727,4.0,-0.0,-0.0,-0.002689999993890524,12.0,4.0
3.9517,1783622743.181393,CALIBRATION,UNKNOWN,,calibration,CALIBRATION,2,-0.0,-0.0,-0.002689999993890524,12.100000381469727,4.0,0.0015339808305725455,-0.0,0.0,12.0,4.0
3.9677,1783622743.197401,CALIBRATION,UNKNOWN,,calibration,CALIBRATION,2,-0.0,-0.0,0.0,12.100000381469727,4.0,-0.0,-0.0,0.0,12.0,4.0
3.9837,1783622743.213386,CALIBRATION,UNKNOWN,,calibration,CALIBRATION,2,-0.0,-0.0,0.0,12.100000381469727,4.0,-0.0,-0.0,0.0,12.0,4.0
3.9997,1783622743.229426,CALIBRATION,UNKNOWN,,calibration,CALIBRATION,2,-0.0,-0.0,0.0,12.100000381469727,4.0,-0.0,-0.0,0.0,12.0,4.0
4.0157,1783622743.245429,CALIBRATION,UNKNOWN,,calibration,CALIBRATION,2,-0.0,-0.0,0.0,12.100000381469727,4.0,-0.0,-0.0,0.0,12.0,4.0
4.0317,1783622743.261381,CALIBRATION,UNKNOWN,,calibration,CALIBRATION,2,-0.0,-0.0,-0.002689999993890524,12.100000381469727,4.0,0.0015339808305725455,-0.0,-0.002689999993890524,12.0,4.0
4.0477,1783622743.277381,CALIBRATION,UNKNOWN,,calibration,CALIBRATION,2,-0.0,-0.0,0.0,12.100000381469727,4.0,-0.0,-0.0,0.0,12.0,4.0
4.0637,1783622743.293447,CALIBRATION,UNKNOWN,,calibration,CALIBRATION,2,-0.0,-0.0,0.0,12.100000381469727,4.0,-0.0,-0.0,0.0,12.0,4.0
4.0796,1783622743.309359,CALIBRATION,UNKNOWN,,calibration,CALIBRATION,2,-0.0,-0.0,0.0,12.100000381469727,4.0,-0.0,-0.0,0.0,12.0,4.0
4.0957,1783622743.325381,CALIBRATION,UNKNOWN,,calibration,CALIBRATION,2,-0.0,-0.0,0.0,12.100000381469727,4.0,-0.0,-0.0,0.0,12.0,4.0
4.1117,1783622743.341414,CALIBRATION,UNKNOWN,,calibration,CALIBRATION,2,-0.0,-0.0,0.0,12.100000381469727,4.0,0.0015339808305725455,-0.0,0.0,12.0,4.0
4.1277,1783622743.357413,CALIBRATION,UNKNOWN,,calibration,CALIBRATION,2,-0.0,-0.0,0.0,12.100000381469727,4.0,0.0015339808305725455,-0.0,0.0,12.0,4.0
4.1437,1783622743.373414,CALIBRATION,UNKNOWN,,calibration,CALIBRATION,2,-0.0,-0.0,0.0,12.100000381469727,4.0,-0.0,-0.0,0.0,12.0,4.0
4.1597,1783622743.389403,CALIBRATION,UNKNOWN,,calibration,CALIBRATION,2,-0.0,-0.0,0.0,12.100000381469727,4.0,0.0015339808305725455,-0.0,0.0,12.0,4.0
4.1756,1783622743.405361,CALIBRATION,UNKNOWN,,calibration,CALIBRATION,2,-0.0,-0.0,0.0,12.100000381469727,4.0,-0.0,-0.0,0.0,12.0,4.0
4.1917,1783622743.421378,CALIBRATION,UNKNOWN,,calibration,CALIBRATION,2,-0.0,-0.0,-0.002689999993890524,12.100000381469727,4.0,0.0015339808305725455,-0.0,0.0,12.0,4.0
4.2077,1783622743.437382,CALIBRATION,UNKNOWN,,calibration,CALIBRATION,2,-0.0,-0.0,0.0,12.100000381469727,4.0,0.0015339808305725455,-0.0,0.0,12.0,4.0
4.2238,1783622743.453536,CALIBRATION,UNKNOWN,,calibration,CALIBRATION,2,-0.0,-0.0,-0.002689999993890524,12.100000381469727,4.0,-0.0,-0.0,-0.002689999993890524,12.0,4.0
4.2397,1783622743.469408,CALIBRATION,UNKNOWN,,calibration,CALIBRATION,2,-0.0,-0.0,-0.002689999993890524,12.100000381469727,4.0,-0.0,-0.0,-0.002689999993890524,12.0,4.0
4.2556,1783622743.485371,CALIBRATION,UNKNOWN,,calibration,CALIBRATION,2,-0.0,-0.0,-0.002689999993890524,12.100000381469727,4.0,0.0015339808305725455,-0.0,0.0,12.0,4.0
4.2716,1783622743.501364,CALIBRATION,UNKNOWN,,calibration,CALIBRATION,2,-0.0,-0.0,0.0,12.100000381469727,4.0,-0.0,-0.0,0.0,12.0,4.0
4.2877,1783622743.517378,CALIBRATION,UNKNOWN,,calibration,CALIBRATION,2,-0.0,-0.0,0.0,12.100000381469727,4.0,-0.0,-0.0,-0.002689999993890524,12.0,4.0
4.3037,1783622743.53339,CALIBRATION,UNKNOWN,,calibration,CALIBRATION,2,-0.0,-0.0,0.0,12.100000381469727,4.0,0.0015339808305725455,-0.0,0.0,12.0,4.0
4.3196,1783622743.549371,CALIBRATION,UNKNOWN,,calibration,CALIBRATION,2,-0.0,-0.0,0.0,12.100000381469727,4.0,-0.0,-0.0,0.0,12.0,4.0
4.3357,1783622743.565403,CALIBRATION,UNKNOWN,,calibration,CALIBRATION,2,-0.0,-0.0,0.0,12.100000381469727,4.0,0.0015339808305725455,-0.0,0.0,12.0,4.0
4.3516,1783622743.58137,CALIBRATION,UNKNOWN,,calibration,CALIBRATION,2,-0.0,-0.0,0.0,12.100000381469727,4.0,0.0015339808305725455,-0.0,0.0,12.0,4.0
4.3677,1783622743.597436,CALIBRATION,UNKNOWN,,calibration,CALIBRATION,2,-0.0,-0.0,0.0,12.100000381469727,4.0,-0.0,-0.0,0.0,12.0,4.0
4.3836,1783622743.613371,CALIBRATION,UNKNOWN,,calibration,CALIBRATION,2,-0.0,-0.0,0.0,12.100000381469727,4.0,-0.0,-0.0,0.0,12.0,4.0
4.3996,1783622743.629377,CALIBRATION,UNKNOWN,,calibration,CALIBRATION,2,-0.0,-0.0,-0.002689999993890524,12.100000381469727,4.0,0.0015339808305725455,-0.0,0.0,12.0,4.0
4.4156,1783622743.645357,CALIBRATION,UNKNOWN,,calibration,CALIBRATION,2,-0.0,-0.0,0.0,12.100000381469727,4.0,-0.0,-0.0,0.0,12.0,4.0
4.4316,1783622743.661343,CALIBRATION,UNKNOWN,,calibration,CALIBRATION,2,-0.0,-0.0,0.0,12.100000381469727,4.0,-0.0,-0.0,0.0,12.0,4.0
4.4476,1783622743.677352,CALIBRATION,UNKNOWN,,calibration,CALIBRATION,2,-0.0,-0.0,0.0,12.100000381469727,4.0,-0.0,-0.0,0.0,12.0,4.0
4.4636,1783622743.69335,CALIBRATION,UNKNOWN,,calibration,CALIBRATION,2,-0.0,-0.0,0.0,12.100000381469727,4.0,0.0015339808305725455,-0.0,0.0,12.0,4.0
4.4796,1783622743.709349,CALIBRATION,UNKNOWN,,calibration,CALIBRATION,2,-0.0,-0.0,-0.002689999993890524,12.100000381469727,4.0,-0.0,-0.0,0.0,12.0,4.0
4.5117,1783622743.741425,CALIBRATION,UNKNOWN,,calibration,CALIBRATION,2,-0.0,-0.0,0.0,12.100000381469727,4.0,0.0015339808305725455,-0.0,0.0,12.0,4.0
4.5276,1783622743.757357,CALIBRATION,UNKNOWN,,calibration,CALIBRATION,2,-0.0,-0.0,-0.002689999993890524,12.100000381469727,4.0,-0.0,-0.0,0.0,12.0,4.0
4.5437,1783622743.773382,CALIBRATION,UNKNOWN,,calibration,CALIBRATION,2,-0.0,-0.0,0.0,12.100000381469727,4.0,0.0015339808305725455,-0.0,0.0,12.0,4.0
4.5596,1783622743.789328,CALIBRATION,UNKNOWN,,calibration,CALIBRATION,2,-0.0,-0.0,0.0,12.100000381469727,4.0,-0.0,-0.0,0.0,12.0,4.0
4.5757,1783622743.805426,CALIBRATION,UNKNOWN,,calibration,CALIBRATION,2,-0.0,-0.0,0.0,12.100000381469727,4.0,-0.0,-0.0,0.0,12.0,4.0
4.5916,1783622743.82136,CALIBRATION,UNKNOWN,,calibration,CALIBRATION,2,-0.0,-0.0,0.0,12.100000381469727,4.0,0.0015339808305725455,-0.0,-0.002689999993890524,12.0,4.0
4.6077,1783622743.837424,CALIBRATION,UNKNOWN,,calibration,CALIBRATION,2,-0.0,-0.0,-0.005379999987781048,12.100000381469727,4.0,-0.0,-0.0,0.0,12.0,4.0
4.6236,1783622743.853374,CALIBRATION,UNKNOWN,,calibration,CALIBRATION,2,-0.0,-0.0,-0.002689999993890524,12.100000381469727,4.0,-0.0,-0.0,0.0,12.0,4.0
4.6396,1783622743.869372,CALIBRATION,UNKNOWN,,calibration,CALIBRATION,2,-0.0,-0.0,-0.002689999993890524,12.100000381469727,4.0,0.0015339808305725455,-0.0,0.0,12.0,4.0
4.6556,1783622743.885357,CALIBRATION,UNKNOWN,,calibration,CALIBRATION,2,-0.0,-0.0,-0.002689999993890524,12.100000381469727,4.0,-0.0,-0.0,0.0,12.0,4.0
4.6716,1783622743.901352,CALIBRATION,UNKNOWN,,calibration,CALIBRATION,2,-0.0,-0.0,-0.002689999993890524,12.100000381469727,4.0,-0.0,-0.0,-0.002689999993890524,12.0,4.0
4.6877,1783622743.917379,CALIBRATION,UNKNOWN,,calibration,CALIBRATION,2,-0.0,-0.0,-0.005379999987781048,12.100000381469727,4.0,-0.0,-0.0,0.0,12.0,4.0
4.7036,1783622743.933376,CALIBRATION,UNKNOWN,,calibration,CALIBRATION,2,-0.0,-0.0,0.0,12.100000381469727,4.0,-0.0,-0.0,0.0,12.0,4.0
4.7196,1783622743.949369,CALIBRATION,UNKNOWN,,calibration,CALIBRATION,2,-0.0,-0.0,0.0,12.100000381469727,4.0,-0.0,-0.0,0.0,12.0,4.0
4.7356,1783622743.965366,CALIBRATION,UNKNOWN,,calibration,CALIBRATION,2,-0.0,-0.0,0.0,12.100000381469727,4.0,-0.0,-0.0,0.0,12.0,4.0
4.7516,1783622743.981339,CALIBRATION,UNKNOWN,,calibration,CALIBRATION,2,-0.0,-0.0,-0.002689999993890524,12.100000381469727,4.0,-0.0,-0.0,0.0,12.0,4.0
4.7676,1783622743.997355,CALIBRATION,UNKNOWN,,calibration,CALIBRATION,2,-0.0,-0.0,-0.002689999993890524,12.100000381469727,4.0,0.0015339808305725455,-0.0,0.0,12.0,4.0
4.7837,1783622744.013397,CALIBRATION,UNKNOWN,,calibration,CALIBRATION,2,-0.0,-0.0,0.0,12.100000381469727,4.0,0.0015339808305725455,-0.0,0.0,12.0,4.0
4.7997,1783622744.029451,CALIBRATION,UNKNOWN,,calibration,CALIBRATION,2,-0.0,-0.0,0.0,12.100000381469727,4.0,-0.0,-0.0,-0.002689999993890524,12.0,4.0
4.8157,1783622744.045391,CALIBRATION,UNKNOWN,,calibration,CALIBRATION,2,-0.0,-0.0,0.0,12.100000381469727,4.0,0.0015339808305725455,-0.0,0.0,12.0,4.0
4.8316,1783622744.061346,CALIBRATION,UNKNOWN,,calibration,CALIBRATION,2,-0.0,-0.0,0.0,12.100000381469727,4.0,-0.0,-0.0,0.0,12.0,4.0
4.8476,1783622744.077364,CALIBRATION,UNKNOWN,,calibration,CALIBRATION,2,-0.0,-0.0,0.0,12.100000381469727,4.0,0.0015339808305725455,-0.0,0.0,12.0,4.0
4.8636,1783622744.093329,CALIBRATION,UNKNOWN,,calibration,CALIBRATION,2,-0.0,-0.0,0.0,12.100000381469727,4.0,-0.0,-0.0,0.0,12.0,4.0
4.8796,1783622744.109317,CALIBRATION,UNKNOWN,,calibration,CALIBRATION,2,-0.0,-0.0,-0.002689999993890524,12.100000381469727,4.0,-0.0,-0.0,-0.002689999993890524,12.0,4.0
4.8956,1783622744.125373,CALIBRATION,UNKNOWN,,calibration,CALIBRATION,2,-0.0,-0.0,0.0,12.100000381469727,4.0,0.0015339808305725455,-0.0,0.0,12.0,4.0
4.9117,1783622744.141407,CALIBRATION,UNKNOWN,,calibration,CALIBRATION,2,-0.0,-0.0,0.0,12.100000381469727,4.0,-0.0,-0.0,0.0,12.0,4.0
4.9276,1783622744.157339,CALIBRATION,UNKNOWN,,calibration,CALIBRATION,2,-0.0,-0.0,-0.002689999993890524,12.100000381469727,4.0,0.0015339808305725455,-0.0,-0.002689999993890524,12.0,4.0
4.9436,1783622744.173357,CALIBRATION,UNKNOWN,,calibration,CALIBRATION,2,-0.0,-0.0,0.0,12.100000381469727,4.0,-0.0,-0.0,0.0,12.0,4.0
4.9596,1783622744.189328,CALIBRATION,UNKNOWN,,calibration,CALIBRATION,2,-0.0,-0.0,-0.002689999993890524,12.100000381469727,4.0,-0.0,-0.0,0.0,12.0,4.0
4.9756,1783622744.205338,CALIBRATION,UNKNOWN,,calibration,CALIBRATION,2,-0.0,-0.0,-0.005379999987781048,12.100000381469727,4.0,-0.0,-0.0,0.0,12.0,4.0
4.9917,1783622744.221394,CALIBRATION,UNKNOWN,,calibration,CALIBRATION,2,-0.0,-0.0,-0.005379999987781048,12.100000381469727,4.0,0.0015339808305725455,-0.0,0.0,12.0,4.0
5.0076,1783622744.237352,CALIBRATION,UNKNOWN,,calibration,CALIBRATION,2,-0.0,-0.0,0.0,12.100000381469727,4.0,-0.0,-0.0,0.0,12.0,4.0
5.0236,1783622744.253377,CALIBRATION,UNKNOWN,,calibration,CALIBRATION,2,-0.0,-0.0,-0.002689999993890524,12.100000381469727,4.0,0.0015339808305725455,-0.0,0.0,12.0,4.0
5.0397,1783622744.269473,CALIBRATION,UNKNOWN,,calibration,CALIBRATION,2,-0.0,-0.0,-0.005379999987781048,12.100000381469727,4.0,0.0015339808305725455,-0.0,-0.002689999993890524,12.0,4.0
5.0556,1783622744.285369,CALIBRATION,UNKNOWN,,calibration,CALIBRATION,2,-0.0,-0.0,-0.002689999993890524,12.100000381469727,4.0,-0.0,-0.0,-0.002689999993890524,12.0,4.0
5.0718,1783622744.301577,CALIBRATION,UNKNOWN,,calibration,CALIBRATION,2,-0.0,-0.0,-0.002689999993890524,12.100000381469727,4.0,-0.0,-0.0,0.0,12.0,4.0
5.0877,1783622744.317459,CALIBRATION,UNKNOWN,,calibration,CALIBRATION,2,-0.0,-0.0,-0.002689999993890524,12.100000381469727,4.0,-0.0,-0.0,0.0,12.0,4.0
5.1037,1783622744.333385,CALIBRATION,UNKNOWN,,calibration,CALIBRATION,2,-0.0015339808305725455,-0.0,-0.002689999993890524,12.100000381469727,4.0,0.0015339808305725455,-0.0,0.0,12.0,4.0
5.1196,1783622744.349375,CALIBRATION,UNKNOWN,,calibration,CALIBRATION,2,-0.0015339808305725455,-0.0,-0.005379999987781048,12.100000381469727,4.0,-0.0,-0.0,0.0,12.0,4.0
5.1357,1783622744.365408,CALIBRATION,UNKNOWN,,calibration,CALIBRATION,2,-0.0,-0.0,-0.008070000447332859,12.100000381469727,4.0,-0.0,-0.0,0.0,12.0,4.0
5.1516,1783622744.381345,CALIBRATION,UNKNOWN,,calibration,CALIBRATION,2,-0.0,-0.0,-0.005379999987781048,12.100000381469727,4.0,-0.0,-0.0,0.0,12.0,4.0
5.1676,1783622744.397321,CALIBRATION,UNKNOWN,,calibration,CALIBRATION,2,-0.0,-0.0,-0.005379999987781048,12.100000381469727,4.0,-0.0,-0.0,-0.002689999993890524,12.0,4.0
5.1836,1783622744.413375,CALIBRATION,UNKNOWN,,calibration,CALIBRATION,2,-0.0,-0.0,-0.005379999987781048,12.100000381469727,4.0,0.0015339808305725455,-0.0,0.0,12.0,4.0
5.1996,1783622744.429376,CALIBRATION,UNKNOWN,,calibration,CALIBRATION,2,-0.0015339808305725455,-0.0,-0.005379999987781048,12.100000381469727,4.0,0.0015339808305725455,-0.0,0.0,12.0,4.0
5.2156,1783622744.44532,CALIBRATION,UNKNOWN,,calibration,CALIBRATION,2,-0.0,-0.0,-0.005379999987781048,12.100000381469727,4.0,0.0015339808305725455,-0.0,0.0,12.0,4.0
5.2317,1783622744.461386,CALIBRATION,UNKNOWN,,calibration,CALIBRATION,2,-0.0015339808305725455,-0.0,-0.008070000447332859,12.100000381469727,4.0,-0.0,-0.0,0.0,12.0,4.0
5.2476,1783622744.477333,CALIBRATION,UNKNOWN,,calibration,CALIBRATION,2,-0.0,-0.0,-0.002689999993890524,12.100000381469727,4.0,0.0015339808305725455,-0.0,-0.002689999993890524,12.0,4.0
5.2636,1783622744.493329,CALIBRATION,UNKNOWN,,calibration,CALIBRATION,2,-0.0,-0.0,-0.005379999987781048,12.100000381469727,4.0,0.0015339808305725455,-0.0,0.0,12.0,4.0
5.2796,1783622744.509326,CALIBRATION,UNKNOWN,,calibration,CALIBRATION,2,-0.0,-0.0,-0.005379999987781048,12.100000381469727,4.0,0.0015339808305725455,-0.0,0.0,12.0,4.0
5.2956,1783622744.525355,CALIBRATION,UNKNOWN,,calibration,CALIBRATION,2,-0.0,-0.0,-0.005379999987781048,12.100000381469727,4.0,-0.0,-0.0,0.0,12.0,4.0
5.3276,1783622744.557314,CALIBRATION,UNKNOWN,,calibration,CALIBRATION,2,-0.0,-0.0,-0.005379999987781048,12.100000381469727,4.0,-0.0,-0.0,0.0,12.0,4.0
5.3436,1783622744.573327,CALIBRATION,UNKNOWN,,calibration,CALIBRATION,2,-0.0,-0.0,-0.005379999987781048,12.100000381469727,4.0,-0.0,-0.0,0.0,12.0,4.0
5.3597,1783622744.589427,CALIBRATION,UNKNOWN,,calibration,CALIBRATION,2,-0.0,-0.0,-0.008070000447332859,12.100000381469727,4.0,-0.0,-0.0,0.0,12.0,4.0
5.3756,1783622744.605316,CALIBRATION,UNKNOWN,,calibration,CALIBRATION,2,-0.0,-0.0,-0.005379999987781048,12.100000381469727,4.0,-0.0,-0.0,0.0,12.0,4.0
5.3916,1783622744.621343,CALIBRATION,UNKNOWN,,calibration,CALIBRATION,2,-0.0015339808305725455,-0.0,-0.005379999987781048,12.100000381469727,4.0,-0.0,-0.0,0.0,12.0,4.0
5.4076,1783622744.637375,CALIBRATION,UNKNOWN,,calibration,CALIBRATION,2,-0.0015339808305725455,-0.0,-0.002689999993890524,12.100000381469727,4.0,-0.0,-0.0,-0.002689999993890524,12.0,4.0
5.4236,1783622744.65331,CALIBRATION,UNKNOWN,,calibration,CALIBRATION,2,-0.0015339808305725455,-0.0,-0.005379999987781048,12.100000381469727,4.0,0.0015339808305725455,-0.0,0.0,12.0,4.0
5.4396,1783622744.669326,CALIBRATION,UNKNOWN,,calibration,CALIBRATION,2,-0.0,-0.0,-0.002689999993890524,12.100000381469727,4.0,0.0015339808305725455,-0.0,0.0,12.0,4.0
5.4556,1783622744.685345,CALIBRATION,UNKNOWN,,calibration,CALIBRATION,2,-0.0,-0.0,-0.005379999987781048,12.100000381469727,4.0,0.0015339808305725455,-0.0,0.0,12.0,4.0
5.4716,1783622744.701324,CALIBRATION,UNKNOWN,,calibration,CALIBRATION,2,-0.0015339808305725455,-0.0,-0.005379999987781048,12.100000381469727,4.0,-0.0,-0.0,0.0,12.0,4.0
5.4876,1783622744.717306,CALIBRATION,UNKNOWN,,calibration,CALIBRATION,2,-0.0015339808305725455,-0.0,-0.005379999987781048,12.100000381469727,4.0,-0.0,-0.0,0.0,12.0,4.0
5.5036,1783622744.733333,CALIBRATION,UNKNOWN,,calibration,CALIBRATION,2,-0.0,-0.0,-0.010759999975562096,12.100000381469727,4.0,-0.0,-0.0,0.0,12.0,4.0
5.5196,1783622744.749314,CALIBRATION,UNKNOWN,,calibration,CALIBRATION,2,-0.0,-0.0,-0.005379999987781048,12.100000381469727,4.0,-0.0,-0.0,0.0,12.0,4.0
5.5356,1783622744.765294,CALIBRATION,UNKNOWN,,calibration,CALIBRATION,2,-0.0015339808305725455,-0.0,-0.005379999987781048,12.100000381469727,4.0,-0.0,-0.0,0.0,12.0,4.0
5.5516,1783622744.781289,CALIBRATION,UNKNOWN,,calibration,CALIBRATION,2,-0.0015339808305725455,-0.0,-0.002689999993890524,12.100000381469727,4.0,0.0015339808305725455,-0.0,-0.002689999993890524,12.0,4.0
5.5676,1783622744.797284,CALIBRATION,UNKNOWN,,calibration,CALIBRATION,2,-0.0,-0.0,-0.005379999987781048,12.100000381469727,4.0,-0.0,-0.0,0.0,12.0,4.0
5.5836,1783622744.813368,CALIBRATION,UNKNOWN,,calibration,CALIBRATION,2,-0.0015339808305725455,-0.0,-0.005379999987781048,12.100000381469727,4.0,0.0015339808305725455,-0.0,-0.002689999993890524,12.0,4.0
5.5996,1783622744.829327,CALIBRATION,UNKNOWN,,calibration,CALIBRATION,2,-0.0,-0.0,-0.008070000447332859,12.100000381469727,4.0,0.0015339808305725455,-0.0,0.0,12.0,4.0
5.6156,1783622744.845335,CALIBRATION,UNKNOWN,,calibration,CALIBRATION,2,-0.0,-0.0,-0.008070000447332859,12.100000381469727,4.0,0.0015339808305725455,-0.0,0.0,12.0,4.0
5.6316,1783622744.86131,CALIBRATION,UNKNOWN,,calibration,CALIBRATION,2,-0.0,-0.0,-0.005379999987781048,12.100000381469727,4.0,0.0015339808305725455,-0.0,0.0,12.0,4.0
5.6476,1783622744.877345,CALIBRATION,UNKNOWN,,calibration,CALIBRATION,2,-0.0,-0.0,-0.008070000447332859,12.100000381469727,4.0,0.0015339808305725455,-0.0,-0.002689999993890524,12.0,4.0
5.6636,1783622744.893294,CALIBRATION,UNKNOWN,,calibration,CALIBRATION,2,-0.0015339808305725455,-0.0,-0.008070000447332859,12.100000381469727,4.0,-0.0,-0.0,0.0,12.0,4.0
5.6796,1783622744.909317,CALIBRATION,UNKNOWN,,calibration,CALIBRATION,2,-0.0,-0.0,-0.005379999987781048,12.100000381469727,4.0,0.0015339808305725455,-0.0,0.0,12.0,4.0
5.6956,1783622744.925313,CALIBRATION,UNKNOWN,,calibration,CALIBRATION,2,-0.0,-0.0,-0.008070000447332859,12.100000381469727,4.0,-0.0,-0.0,0.0,12.0,4.0
5.7116,1783622744.941326,CALIBRATION,UNKNOWN,,calibration,CALIBRATION,2,-0.0015339808305725455,-0.0,-0.005379999987781048,12.100000381469727,4.0,-0.0,-0.0,0.0,12.0,4.0
5.7276,1783622744.957312,CALIBRATION,UNKNOWN,,calibration,CALIBRATION,2,-0.0,-0.0,-0.005379999987781048,12.100000381469727,4.0,-0.0,-0.0,0.0,12.0,4.0
5.7436,1783622744.973314,CALIBRATION,UNKNOWN,,calibration,CALIBRATION,2,-0.0,-0.0,-0.008070000447332859,12.100000381469727,4.0,-0.0,-0.0,0.0,12.0,4.0
5.7596,1783622744.989278,CALIBRATION,UNKNOWN,,calibration,CALIBRATION,2,-0.0,-0.0,-0.005379999987781048,12.100000381469727,4.0,-0.0,-0.0,0.0,12.0,4.0
5.7755,1783622745.005271,CALIBRATION,UNKNOWN,,calibration,CALIBRATION,2,-0.0015339808305725455,-0.0,-0.005379999987781048,12.100000381469727,4.0,-0.0,-0.0,0.0,12.0,4.0
5.7916,1783622745.021313,CALIBRATION,UNKNOWN,,calibration,CALIBRATION,2,-0.0015339808305725455,-0.0,-0.005379999987781048,12.100000381469727,4.0,0.0015339808305725455,-0.0,0.0,12.0,4.0
5.8076,1783622745.037369,CALIBRATION,UNKNOWN,,calibration,CALIBRATION,2,-0.0,-0.0,-0.005379999987781048,12.100000381469727,4.0,-0.0,-0.0,0.0,12.0,4.0
5.8237,1783622745.053463,CALIBRATION,UNKNOWN,,calibration,CALIBRATION,2,-0.0,-0.0,-0.008070000447332859,12.100000381469727,4.0,-0.0,-0.0,0.0,12.0,4.0
5.8396,1783622745.069362,CALIBRATION,UNKNOWN,,calibration,CALIBRATION,2,-0.0015339808305725455,-0.0,-0.005379999987781048,12.100000381469727,4.0,-0.0,-0.0,0.0,12.0,4.0
5.8556,1783622745.085288,CALIBRATION,UNKNOWN,,calibration,CALIBRATION,2,-0.0,-0.0,-0.008070000447332859,12.100000381469727,4.0,-0.0,-0.0,0.0,12.0,4.0
5.8717,1783622745.101408,CALIBRATION,UNKNOWN,,calibration,CALIBRATION,2,-0.0015339808305725455,-0.0,-0.005379999987781048,12.100000381469727,4.0,-0.0,-0.0,0.0,12.0,4.0
5.8876,1783622745.117295,CALIBRATION,UNKNOWN,,calibration,CALIBRATION,2,-0.0015339808305725455,-0.0,-0.008070000447332859,12.100000381469727,4.0,-0.0,-0.0,0.0,12.0,4.0
5.9038,1783622745.133522,CALIBRATION,UNKNOWN,,calibration,CALIBRATION,2,-0.0015339808305725455,-0.0,-0.008070000447332859,12.100000381469727,4.0,-0.0,-0.0,0.0,12.0,4.0
5.9196,1783622745.149322,CALIBRATION,UNKNOWN,,calibration,CALIBRATION,2,-0.0015339808305725455,-0.0,-0.005379999987781048,12.100000381469727,4.0,-0.0,-0.0,0.0,12.0,4.0
5.9356,1783622745.165303,CALIBRATION,UNKNOWN,,calibration,CALIBRATION,2,-0.0015339808305725455,-0.0,-0.005379999987781048,12.100000381469727,4.0,0.0015339808305725455,-0.0,0.0,12.0,4.0
5.9516,1783622745.181295,CALIBRATION,UNKNOWN,,calibration,CALIBRATION,2,-0.0015339808305725455,-0.0,-0.005379999987781048,12.100000381469727,4.0,-0.0,-0.0,0.0,12.0,4.0
5.9676,1783622745.197291,CALIBRATION,UNKNOWN,,calibration,CALIBRATION,2,-0.0,-0.0,-0.005379999987781048,12.100000381469727,4.0,-0.0,-0.0,0.0,12.0,4.0
5.9836,1783622745.213348,CALIBRATION,UNKNOWN,,calibration,CALIBRATION,2,-0.0015339808305725455,-0.0,-0.008070000447332859,12.100000381469727,4.0,-0.0,-0.0,0.0,12.0,4.0
5.9996,1783622745.229368,CALIBRATION,UNKNOWN,,calibration,CALIBRATION,2,-0.0,-0.0,-0.008070000447332859,12.100000381469727,4.0,-0.0,-0.0,0.0,12.0,4.0
6.0156,1783622745.245318,CALIBRATION,UNKNOWN,,calibration,CALIBRATION,2,-0.0,-0.0,-0.005379999987781048,12.100000381469727,4.0,0.0015339808305725455,-0.0,0.0,12.0,4.0
6.0316,1783622745.261327,CALIBRATION,UNKNOWN,,calibration,CALIBRATION,2,-0.0,-0.0,-0.005379999987781048,12.100000381469727,4.0,-0.0,-0.0,0.0,12.0,4.0
6.0476,1783622745.2773,CALIBRATION,UNKNOWN,,calibration,CALIBRATION,2,-0.0,-0.0,-0.008070000447332859,12.100000381469727,4.0,-0.0,-0.0,0.0,12.0,4.0
6.0636,1783622745.293296,CALIBRATION,UNKNOWN,,calibration,CALIBRATION,2,-0.0015339808305725455,-0.0,-0.005379999987781048,12.100000381469727,4.0,0.0015339808305725455,-0.0,0.0,12.0,4.0
6.0795,1783622745.309269,CALIBRATION,UNKNOWN,,calibration,CALIBRATION,2,-0.0,-0.0,-0.005379999987781048,12.100000381469727,4.0,-0.0,-0.0,0.0,12.0,4.0
6.0957,1783622745.325413,CALIBRATION,UNKNOWN,,calibration,CALIBRATION,2,-0.0,-0.0,-0.002689999993890524,12.100000381469727,4.0,-0.0,-0.0,0.0,12.0,4.0
6.1117,1783622745.341476,CALIBRATION,UNKNOWN,,calibration,CALIBRATION,2,-0.0015339808305725455,-0.0,-0.008070000447332859,12.100000381469727,4.0,-0.0,-0.0,0.0,12.0,4.0
6.1437,1783622745.37345,CALIBRATION,UNKNOWN,,calibration,CALIBRATION,2,-0.0015339808305725455,-0.0,-0.005379999987781048,12.100000381469727,4.0,-0.0,-0.0,0.0,12.0,4.0
6.1597,1783622745.389397,CALIBRATION,UNKNOWN,,calibration,CALIBRATION,2,-0.0,-0.0,-0.005379999987781048,12.100000381469727,4.0,-0.0,-0.0,0.0,12.0,4.0
6.1757,1783622745.405442,CALIBRATION,UNKNOWN,,calibration,CALIBRATION,2,-0.0,-0.0,-0.005379999987781048,12.100000381469727,4.0,0.0015339808305725455,-0.0,0.0,12.0,4.0
6.1917,1783622745.421406,CALIBRATION,UNKNOWN,,calibration,CALIBRATION,2,-0.0,-0.0,-0.008070000447332859,12.100000381469727,4.0,-0.0,-0.0,0.0,12.0,4.0
6.2076,1783622745.437376,CALIBRATION,UNKNOWN,,calibration,CALIBRATION,2,-0.0015339808305725455,-0.0,-0.010759999975562096,12.100000381469727,4.0,-0.0,-0.0,0.0,12.0,4.0
6.2244,1783622745.454147,CALIBRATION,UNKNOWN,,calibration,CALIBRATION,2,-0.0,-0.0,-0.005379999987781048,12.100000381469727,4.0,-0.0,-0.0,-0.002689999993890524,12.0,4.0
6.2396,1783622745.469338,CALIBRATION,UNKNOWN,,calibration,CALIBRATION,2,-0.0015339808305725455,-0.0,-0.008070000447332859,12.100000381469727,4.0,-0.0,-0.0,0.0,12.0,4.0
6.2556,1783622745.485281,CALIBRATION,UNKNOWN,,calibration,CALIBRATION,2,-0.0015339808305725455,-0.0,-0.008070000447332859,12.100000381469727,4.0,-0.0,-0.0,0.0,12.0,4.0
6.2716,1783622745.5013,CALIBRATION,UNKNOWN,,calibration,CALIBRATION,2,-0.0,-0.0,-0.008070000447332859,12.100000381469727,4.0,-0.0,-0.0,0.0,12.0,4.0
6.2876,1783622745.517289,CALIBRATION,UNKNOWN,,calibration,CALIBRATION,2,-0.0015339808305725455,-0.0,-0.008070000447332859,12.100000381469727,4.0,-0.0,-0.0,0.0,12.0,4.0
6.3036,1783622745.533283,CALIBRATION,UNKNOWN,,calibration,CALIBRATION,2,-0.0015339808305725455,-0.0,-0.002689999993890524,12.100000381469727,4.0,-0.0,-0.0,0.0,12.0,4.0
6.3196,1783622745.549284,CALIBRATION,UNKNOWN,,calibration,CALIBRATION,2,-0.0015339808305725455,-0.0,-0.008070000447332859,12.100000381469727,4.0,-0.0,-0.0,0.0,12.0,4.0
6.3357,1783622745.56543,CALIBRATION,UNKNOWN,,calibration,CALIBRATION,2,-0.0015339808305725455,-0.0,-0.005379999987781048,12.100000381469727,4.0,0.0015339808305725455,-0.0,0.0,12.0,4.0
6.3516,1783622745.581291,CALIBRATION,UNKNOWN,,calibration,CALIBRATION,2,-0.0015339808305725455,-0.0,-0.005379999987781048,12.100000381469727,4.0,-0.0,-0.0,0.0,12.0,4.0
6.3676,1783622745.597299,CALIBRATION,UNKNOWN,,calibration,CALIBRATION,2,-0.0,-0.0,-0.008070000447332859,12.100000381469727,4.0,-0.0,-0.0,0.0,12.0,4.0
6.3836,1783622745.613291,CALIBRATION,UNKNOWN,,calibration,CALIBRATION,2,-0.0,-0.0,-0.005379999987781048,12.100000381469727,4.0,0.0015339808305725455,-0.0,0.0,12.0,4.0
6.3996,1783622745.629285,CALIBRATION,UNKNOWN,,calibration,CALIBRATION,2,-0.0015339808305725455,-0.0,-0.005379999987781048,12.100000381469727,4.0,0.0015339808305725455,-0.0,0.0,12.0,4.0
6.4156,1783622745.645299,CALIBRATION,UNKNOWN,,calibration,CALIBRATION,2,-0.0,-0.0,-0.005379999987781048,12.100000381469727,4.0,0.0015339808305725455,-0.0,0.0,12.0,4.0
6.4316,1783622745.661334,CALIBRATION,UNKNOWN,,calibration,CALIBRATION,2,-0.0015339808305725455,-0.0,-0.002689999993890524,12.100000381469727,4.0,0.0015339808305725455,-0.0,0.0,12.0,4.0
6.4476,1783622745.677281,CALIBRATION,UNKNOWN,,calibration,CALIBRATION,2,-0.0015339808305725455,-0.0,-0.005379999987781048,12.100000381469727,4.0,-0.0,-0.0,0.0,12.0,4.0
6.4636,1783622745.693285,CALIBRATION,UNKNOWN,,calibration,CALIBRATION,2,-0.0015339808305725455,-0.0,-0.005379999987781048,12.100000381469727,4.0,-0.0,-0.0,0.0,12.0,4.0
6.4795,1783622745.709245,CALIBRATION,UNKNOWN,,calibration,CALIBRATION,2,-0.0015339808305725455,-0.0,-0.008070000447332859,12.100000381469727,4.0,0.0015339808305725455,-0.0,0.0,12.0,4.0
6.4955,1783622745.725266,CALIBRATION,UNKNOWN,,calibration,CALIBRATION,2,-0.0,-0.0,-0.005379999987781048,12.100000381469727,4.0,-0.0,-0.0,0.0,12.0,4.0
6.5116,1783622745.741304,CALIBRATION,UNKNOWN,,calibration,CALIBRATION,2,-0.0,-0.0,-0.005379999987781048,12.100000381469727,4.0,0.0015339808305725455,-0.0,0.0,12.0,4.0
6.5276,1783622745.757288,CALIBRATION,UNKNOWN,,calibration,CALIBRATION,2,-0.0015339808305725455,-0.0,-0.005379999987781048,12.100000381469727,4.0,-0.0,-0.0,0.0,12.0,4.0
6.5437,1783622745.773394,CALIBRATION,UNKNOWN,,calibration,CALIBRATION,2,-0.0015339808305725455,-0.0,-0.005379999987781048,12.100000381469727,4.0,0.0015339808305725455,-0.0,0.0,12.0,4.0
6.5595,1783622745.789256,CALIBRATION,UNKNOWN,,calibration,CALIBRATION,2,-0.0,-0.0,-0.005379999987781048,12.100000381469727,4.0,-0.0,-0.0,0.0,12.0,4.0
6.5756,1783622745.805296,CALIBRATION,UNKNOWN,,calibration,CALIBRATION,2,-0.0015339808305725455,-0.0,-0.005379999987781048,12.100000381469727,4.0,-0.0,-0.0,0.0,12.0,4.0
6.5917,1783622745.821435,CALIBRATION,UNKNOWN,,calibration,CALIBRATION,2,-0.0,-0.0,-0.005379999987781048,12.100000381469727,4.0,-0.0,-0.0,0.0,12.0,4.0
6.6076,1783622745.837317,CALIBRATION,UNKNOWN,,calibration,CALIBRATION,2,-0.0,-0.0,-0.005379999987781048,12.100000381469727,4.0,-0.0,-0.0,0.0,12.0,4.0
6.6235,1783622745.853272,CALIBRATION,UNKNOWN,,calibration,CALIBRATION,2,-0.0,-0.0,-0.005379999987781048,12.100000381469727,4.0,0.0015339808305725455,-0.0,0.0,12.0,4.0
6.6396,1783622745.869312,CALIBRATION,UNKNOWN,,calibration,CALIBRATION,2,-0.0,-0.0,-0.002689999993890524,12.100000381469727,4.0,-0.0,-0.0,-0.002689999993890524,12.0,4.0
6.6555,1783622745.885258,CALIBRATION,UNKNOWN,,calibration,CALIBRATION,2,-0.0015339808305725455,-0.0,-0.005379999987781048,12.100000381469727,4.0,-0.0,-0.0,0.0,12.0,4.0
6.6715,1783622745.901234,CALIBRATION,UNKNOWN,,calibration,CALIBRATION,2,-0.0,-0.0,-0.005379999987781048,12.100000381469727,4.0,-0.0,-0.0,0.0,12.0,4.0
6.6875,1783622745.917242,CALIBRATION,UNKNOWN,,calibration,CALIBRATION,2,-0.0015339808305725455,-0.0,-0.005379999987781048,12.100000381469727,4.0,-0.0,-0.0,0.0,12.0,4.0
6.7035,1783622745.933239,CALIBRATION,UNKNOWN,,calibration,CALIBRATION,2,-0.0015339808305725455,-0.0,-0.005379999987781048,12.100000381469727,4.0,-0.0,-0.0,0.0,12.0,4.0
6.7195,1783622745.949241,CALIBRATION,UNKNOWN,,calibration,CALIBRATION,2,-0.0,-0.0,-0.005379999987781048,12.100000381469727,4.0,0.0015339808305725455,-0.0,0.0,12.0,4.0
6.7356,1783622745.965279,CALIBRATION,UNKNOWN,,calibration,CALIBRATION,2,-0.0,-0.0,-0.005379999987781048,12.100000381469727,4.0,-0.0,-0.0,0.0,12.0,4.0
6.7515,1783622745.981224,CALIBRATION,UNKNOWN,,calibration,CALIBRATION,2,-0.0015339808305725455,-0.0,-0.005379999987781048,12.100000381469727,4.0,-0.0,-0.0,0.0,12.0,4.0
6.7675,1783622745.99723,CALIBRATION,UNKNOWN,,calibration,CALIBRATION,2,-0.0,-0.0,-0.005379999987781048,12.100000381469727,4.0,0.0015339808305725455,-0.0,0.0,12.0,4.0
6.7835,1783622746.013233,CALIBRATION,UNKNOWN,,calibration,CALIBRATION,2,-0.0,-0.0,-0.008070000447332859,12.100000381469727,4.0,-0.0,-0.0,0.0,12.0,4.0
6.7995,1783622746.029234,CALIBRATION,UNKNOWN,,calibration,CALIBRATION,2,-0.0,-0.0,-0.008070000447332859,12.100000381469727,4.0,0.0015339808305725455,-0.0,0.0,12.0,4.0
6.8155,1783622746.045269,CALIBRATION,UNKNOWN,,calibration,CALIBRATION,2,-0.0015339808305725455,-0.0,-0.008070000447332859,12.100000381469727,4.0,-0.0,-0.0,0.0,12.0,4.0
6.8315,1783622746.061236,CALIBRATION,UNKNOWN,,calibration,CALIBRATION,2,-0.0015339808305725455,-0.0,-0.005379999987781048,12.100000381469727,4.0,0.0015339808305725455,-0.0,0.0,12.0,4.0
6.8477,1783622746.077402,CALIBRATION,UNKNOWN,,calibration,CALIBRATION,2,-0.0015339808305725455,-0.0,-0.005379999987781048,12.100000381469727,4.0,-0.0,-0.0,0.0,12.0,4.0
6.8635,1783622746.093244,CALIBRATION,UNKNOWN,,calibration,CALIBRATION,2,-0.0015339808305725455,-0.0,-0.005379999987781048,12.100000381469727,4.0,0.0015339808305725455,-0.0,0.0,12.0,4.0
6.8795,1783622746.109243,CALIBRATION,UNKNOWN,,calibration,CALIBRATION,2,-0.0,-0.0,-0.008070000447332859,12.100000381469727,4.0,-0.0,-0.0,0.0,12.0,4.0
6.8955,1783622746.125226,CALIBRATION,UNKNOWN,,calibration,CALIBRATION,2,-0.0,-0.0,-0.005379999987781048,12.100000381469727,4.0,-0.0,-0.0,-0.002689999993890524,12.0,4.0
6.9116,1783622746.141319,CALIBRATION,UNKNOWN,,calibration,CALIBRATION,2,-0.0015339808305725455,-0.0,-0.002689999993890524,12.100000381469727,4.0,-0.0,-0.0,0.0,12.0,4.0
6.9275,1783622746.157218,CALIBRATION,UNKNOWN,,calibration,CALIBRATION,2,-0.0,-0.0,-0.005379999987781048,12.100000381469727,4.0,0.0015339808305725455,-0.0,0.0,12.0,4.0
6.9595,1783622746.189229,CALIBRATION,UNKNOWN,,calibration,CALIBRATION,2,-0.0,-0.0,-0.005379999987781048,12.100000381469727,4.0,-0.0,-0.0,-0.002689999993890524,12.0,4.0
6.9755,1783622746.205221,CALIBRATION,UNKNOWN,,calibration,CALIBRATION,2,-0.0,-0.0,-0.005379999987781048,12.100000381469727,4.0,-0.0,-0.0,0.0,12.0,4.0
6.9915,1783622746.221246,CALIBRATION,UNKNOWN,,calibration,CALIBRATION,2,-0.0,-0.0,-0.005379999987781048,12.100000381469727,4.0,0.0015339808305725455,-0.0,0.0,12.0,4.0
7.0075,1783622746.237218,CALIBRATION,UNKNOWN,,calibration,CALIBRATION,2,-0.0015339808305725455,-0.0,-0.008070000447332859,12.100000381469727,4.0,0.0015339808305725455,-0.0,0.0,12.0,4.0
7.0235,1783622746.253212,CALIBRATION,UNKNOWN,,calibration,CALIBRATION,2,-0.0,-0.0,-0.005379999987781048,12.100000381469727,4.0,-0.0,-0.0,0.0,12.0,4.0
7.0395,1783622746.269243,CALIBRATION,UNKNOWN,,calibration,CALIBRATION,2,-0.0,-0.0,-0.005379999987781048,12.100000381469727,4.0,-0.0,-0.0,0.0,12.0,4.0
7.0555,1783622746.285259,CALIBRATION,UNKNOWN,,calibration,CALIBRATION,2,-0.0015339808305725455,-0.0,-0.005379999987781048,12.100000381469727,4.0,-0.0,-0.0,0.0,12.0,4.0
7.0715,1783622746.301233,CALIBRATION,UNKNOWN,,calibration,CALIBRATION,2,-0.0,-0.0,-0.005379999987781048,12.100000381469727,4.0,-0.0,-0.0,0.0,12.0,4.0
7.0875,1783622746.317231,CALIBRATION,UNKNOWN,,calibration,CALIBRATION,2,-0.0015339808305725455,-0.0,-0.005379999987781048,12.100000381469727,4.0,0.0015339808305725455,-0.0,0.0,12.0,4.0
7.1035,1783622746.333212,CALIBRATION,UNKNOWN,,calibration,CALIBRATION,2,-0.0015339808305725455,-0.0,-0.008070000447332859,12.100000381469727,4.0,-0.0,-0.0,0.0,12.0,4.0
7.1195,1783622746.349216,CALIBRATION,UNKNOWN,,calibration,CALIBRATION,2,-0.0015339808305725455,-0.0,-0.008070000447332859,12.100000381469727,4.0,0.0015339808305725455,-0.0,0.0,12.0,4.0
7.1355,1783622746.365225,CALIBRATION,UNKNOWN,,calibration,CALIBRATION,2,-0.0015339808305725455,-0.0,-0.005379999987781048,12.100000381469727,4.0,-0.0,-0.0,0.0,12.0,4.0
7.1515,1783622746.381217,CALIBRATION,UNKNOWN,,calibration,CALIBRATION,2,-0.0,-0.0,-0.005379999987781048,12.100000381469727,4.0,-0.0,-0.0,0.0,12.0,4.0
7.1675,1783622746.397231,CALIBRATION,UNKNOWN,,calibration,CALIBRATION,2,-0.0,-0.0,-0.005379999987781048,12.100000381469727,4.0,0.0015339808305725455,-0.0,0.0,12.0,4.0
7.1836,1783622746.413327,CALIBRATION,UNKNOWN,,calibration,CALIBRATION,2,-0.0,-0.0,-0.008070000447332859,12.100000381469727,4.0,-0.0,-0.0,0.0,12.0,4.0
7.1995,1783622746.429245,CALIBRATION,UNKNOWN,,calibration,CALIBRATION,2,-0.0,-0.0,-0.008070000447332859,12.100000381469727,4.0,0.0015339808305725455,-0.0,0.0,12.0,4.0
7.2155,1783622746.445214,CALIBRATION,UNKNOWN,,calibration,CALIBRATION,2,-0.0015339808305725455,-0.0,-0.005379999987781048,12.100000381469727,4.0,-0.0,-0.0,0.0,12.0,4.0
7.2315,1783622746.461218,CALIBRATION,UNKNOWN,,calibration,CALIBRATION,2,-0.0015339808305725455,-0.0,-0.005379999987781048,12.100000381469727,4.0,-0.0,-0.0,0.0,12.0,4.0
7.2475,1783622746.47723,CALIBRATION,UNKNOWN,,calibration,CALIBRATION,2,-0.0015339808305725455,-0.0,-0.008070000447332859,12.100000381469727,4.0,0.0015339808305725455,-0.0,0.0,12.0,4.0
7.2635,1783622746.493226,CALIBRATION,UNKNOWN,,calibration,CALIBRATION,2,-0.0015339808305725455,-0.0,-0.005379999987781048,12.100000381469727,4.0,0.0015339808305725455,-0.0,0.0,12.0,4.0
7.2795,1783622746.509199,CALIBRATION,UNKNOWN,,calibration,CALIBRATION,2,-0.0015339808305725455,-0.0,-0.008070000447332859,12.100000381469727,4.0,0.0015339808305725455,-0.0,0.0,12.0,4.0
7.2955,1783622746.52521,CALIBRATION,UNKNOWN,,calibration,CALIBRATION,2,-0.0015339808305725455,-0.0,-0.008070000447332859,12.100000381469727,4.0,-0.0,-0.0,0.0,12.0,4.0
7.3115,1783622746.54125,CALIBRATION,UNKNOWN,,calibration,CALIBRATION,2,-0.0015339808305725455,-0.0,-0.005379999987781048,12.100000381469727,4.0,-0.0,-0.0,-0.002689999993890524,12.0,4.0
7.3275,1783622746.557219,CALIBRATION,UNKNOWN,,calibration,CALIBRATION,2,-0.0015339808305725455,-0.0,-0.005379999987781048,12.100000381469727,4.0,-0.0,-0.0,-0.002689999993890524,12.0,4.0
7.3435,1783622746.573207,CALIBRATION,UNKNOWN,,calibration,CALIBRATION,2,-0.0015339808305725455,-0.0,-0.005379999987781048,12.100000381469727,4.0,-0.0,-0.0,0.0,12.0,4.0
7.3595,1783622746.589191,CALIBRATION,UNKNOWN,,calibration,CALIBRATION,2,-0.0,-0.0,-0.005379999987781048,12.100000381469727,4.0,-0.0,-0.0,-0.002689999993890524,12.0,4.0
7.3755,1783622746.6052,CALIBRATION,UNKNOWN,,calibration,CALIBRATION,2,-0.0015339808305725455,-0.0,-0.002689999993890524,12.100000381469727,4.0,-0.0,-0.0,-0.002689999993890524,12.0,4.0
7.3915,1783622746.621187,CALIBRATION,UNKNOWN,,calibration,CALIBRATION,2,-0.0,-0.0,-0.002689999993890524,12.100000381469727,4.0,-0.0,-0.0,0.0,12.0,4.0
7.4075,1783622746.63721,CALIBRATION,UNKNOWN,,calibration,CALIBRATION,2,-0.0,-0.0,-0.005379999987781048,12.100000381469727,4.0,-0.0,-0.0,0.0,12.0,4.0
7.4235,1783622746.653204,CALIBRATION,UNKNOWN,,calibration,CALIBRATION,2,-0.0,-0.0,-0.005379999987781048,12.100000381469727,4.0,0.0015339808305725455,-0.0,0.0,12.0,4.0
7.4395,1783622746.669198,CALIBRATION,UNKNOWN,,calibration,CALIBRATION,2,-0.0015339808305725455,-0.0,-0.005379999987781048,12.100000381469727,4.0,0.0015339808305725455,-0.0,0.0,12.0,4.0
7.4555,1783622746.685274,CALIBRATION,UNKNOWN,,calibration,CALIBRATION,2,-0.0015339808305725455,-0.0,-0.008070000447332859,12.100000381469727,4.0,0.0015339808305725455,-0.0,0.0,12.0,4.0
7.4715,1783622746.7012,CALIBRATION,UNKNOWN,,calibration,CALIBRATION,2,-0.0,-0.0,-0.008070000447332859,12.100000381469727,4.0,0.0015339808305725455,-0.0,0.0,12.0,4.0
7.4875,1783622746.717205,CALIBRATION,UNKNOWN,,calibration,CALIBRATION,2,-0.0,-0.0,-0.005379999987781048,12.100000381469727,4.0,0.0015339808305725455,-0.0,0.0,12.0,4.0
7.5035,1783622746.73319,CALIBRATION,UNKNOWN,,calibration,CALIBRATION,2,-0.0,-0.0,-0.005379999987781048,12.100000381469727,4.0,0.0015339808305725455,-0.0,0.0,12.0,4.0
7.5196,1783622746.7493,CALIBRATION,UNKNOWN,,calibration,CALIBRATION,2,-0.0015339808305725455,-0.0,-0.005379999987781048,12.100000381469727,4.0,-0.0,-0.0,0.0,12.0,4.0
7.5355,1783622746.765248,CALIBRATION,UNKNOWN,,calibration,CALIBRATION,2,-0.0015339808305725455,-0.0,-0.005379999987781048,12.100000381469727,4.0,-0.0,-0.0,-0.002689999993890524,12.0,4.0
7.5515,1783622746.781221,CALIBRATION,UNKNOWN,,calibration,CALIBRATION,2,-0.0015339808305725455,-0.0,-0.002689999993890524,12.100000381469727,4.0,0.0015339808305725455,-0.0,0.0,12.0,4.0
7.5675,1783622746.797192,CALIBRATION,UNKNOWN,,calibration,CALIBRATION,2,-0.0015339808305725455,-0.0,-0.008070000447332859,12.100000381469727,4.0,-0.0,-0.0,0.0,12.0,4.0
7.5835,1783622746.813222,CALIBRATION,UNKNOWN,,calibration,CALIBRATION,2,-0.0015339808305725455,-0.0,-0.005379999987781048,12.100000381469727,4.0,-0.0,-0.0,0.0,12.0,4.0
7.5995,1783622746.82919,CALIBRATION,UNKNOWN,,calibration,CALIBRATION,2,-0.0015339808305725455,-0.0,-0.005379999987781048,12.100000381469727,4.0,-0.0,-0.0,0.0,12.0,4.0
7.6155,1783622746.845189,CALIBRATION,UNKNOWN,,calibration,CALIBRATION,2,-0.0,-0.0,-0.005379999987781048,12.100000381469727,4.0,0.0015339808305725455,-0.0,0.0,12.0,4.0
7.6315,1783622746.861216,CALIBRATION,UNKNOWN,,calibration,CALIBRATION,2,-0.0,-0.0,-0.005379999987781048,12.100000381469727,4.0,0.0015339808305725455,-0.0,0.0,12.0,4.0
7.6475,1783622746.877234,CALIBRATION,UNKNOWN,,calibration,CALIBRATION,2,-0.0015339808305725455,-0.0,-0.005379999987781048,12.100000381469727,4.0,0.0015339808305725455,-0.0,0.0,12.0,4.0
7.6644,1783622746.894103,CALIBRATION,UNKNOWN,,calibration,CALIBRATION,2,-0.0015339808305725455,-0.0,-0.005379999987781048,12.100000381469727,4.0,-0.0,-0.0,0.0,12.0,4.0
7.6795,1783622746.909193,CALIBRATION,UNKNOWN,,calibration,CALIBRATION,2,-0.0015339808305725455,-0.0,-0.008070000447332859,12.100000381469727,4.0,0.0015339808305725455,-0.0,0.0,12.0,4.0
7.6955,1783622746.925211,CALIBRATION,UNKNOWN,,calibration,CALIBRATION,2,-0.0,-0.0,-0.005379999987781048,12.100000381469727,4.0,0.0015339808305725455,-0.0,0.0,12.0,4.0
7.7115,1783622746.941217,CALIBRATION,UNKNOWN,,calibration,CALIBRATION,2,-0.0,-0.0,-0.005379999987781048,12.100000381469727,4.0,-0.0,-0.0,0.0,12.0,4.0
7.7275,1783622746.957203,CALIBRATION,UNKNOWN,,calibration,CALIBRATION,2,-0.0015339808305725455,-0.0,-0.002689999993890524,12.100000381469727,4.0,-0.0,-0.0,-0.002689999993890524,12.0,4.0
7.7435,1783622746.973191,CALIBRATION,UNKNOWN,,calibration,CALIBRATION,2,-0.0015339808305725455,-0.0,-0.002689999993890524,12.100000381469727,4.0,-0.0,-0.0,0.0,12.0,4.0
7.7755,1783622747.005178,CALIBRATION,UNKNOWN,,calibration,CALIBRATION,2,-0.0015339808305725455,-0.0,-0.005379999987781048,12.100000381469727,4.0,-0.0,-0.0,0.0,12.0,4.0
7.7914,1783622747.021177,CALIBRATION,UNKNOWN,,calibration,CALIBRATION,2,-0.0015339808305725455,-0.0,-0.005379999987781048,12.100000381469727,4.0,0.0015339808305725455,-0.0,0.0,12.0,4.0
7.8075,1783622747.037252,CALIBRATION,UNKNOWN,,calibration,CALIBRATION,2,-0.0,-0.0,-0.005379999987781048,12.100000381469727,4.0,-0.0,-0.0,0.0,12.0,4.0
7.8235,1783622747.053274,CALIBRATION,UNKNOWN,,calibration,CALIBRATION,2,-0.0015339808305725455,-0.0,-0.005379999987781048,12.100000381469727,4.0,-0.0,-0.0,0.0,12.0,4.0
7.8395,1783622747.069189,CALIBRATION,UNKNOWN,,calibration,CALIBRATION,2,-0.0,-0.0,-0.005379999987781048,12.100000381469727,4.0,-0.0,-0.0,0.0,12.0,4.0
7.8554,1783622747.085165,CALIBRATION,UNKNOWN,,calibration,CALIBRATION,2,-0.0,-0.0,-0.005379999987781048,12.100000381469727,4.0,0.0015339808305725455,-0.0,0.0,12.0,4.0
7.8716,1783622747.1013,CALIBRATION,UNKNOWN,,calibration,CALIBRATION,2,-0.0,-0.0,-0.005379999987781048,12.100000381469727,4.0,0.0015339808305725455,-0.0,0.0,12.0,4.0
7.8875,1783622747.117228,CALIBRATION,UNKNOWN,,calibration,CALIBRATION,2,-0.0,-0.0,-0.005379999987781048,12.100000381469727,4.0,-0.0,-0.0,0.0,12.0,4.0
7.9035,1783622747.133254,CALIBRATION,UNKNOWN,,calibration,CALIBRATION,2,-0.0,-0.0,-0.005379999987781048,12.100000381469727,4.0,-0.0,-0.0,0.0,12.0,4.0
7.9194,1783622747.149174,CALIBRATION,UNKNOWN,,calibration,CALIBRATION,2,-0.0,-0.0,-0.008070000447332859,12.100000381469727,4.0,-0.0,-0.0,0.0,12.0,4.0
7.9355,1783622747.165228,CALIBRATION,UNKNOWN,,calibration,CALIBRATION,2,-0.0015339808305725455,-0.0,-0.005379999987781048,12.100000381469727,4.0,-0.0,-0.0,0.0,12.0,4.0
7.9515,1783622747.181185,CALIBRATION,UNKNOWN,,calibration,CALIBRATION,2,-0.0015339808305725455,-0.0,-0.005379999987781048,12.100000381469727,4.0,0.0015339808305725455,-0.0,0.0,12.0,4.0
7.9674,1783622747.197155,CALIBRATION,UNKNOWN,,calibration,CALIBRATION,2,-0.0015339808305725455,-0.0,-0.002689999993890524,12.100000381469727,4.0,0.0015339808305725455,-0.0,-0.002689999993890524,12.0,4.0
7.9835,1783622747.213191,CALIBRATION,UNKNOWN,,calibration,CALIBRATION,2,-0.0,-0.0,-0.005379999987781048,12.100000381469727,4.0,-0.0,-0.0,0.0,12.0,4.0
7.9994,1783622747.229147,CALIBRATION,UNKNOWN,,calibration,CALIBRATION,2,-0.0015339808305725455,-0.0,-0.005379999987781048,12.100000381469727,4.0,0.0015339808305725455,-0.0,0.0,12.0,4.0
8.0155,1783622747.245183,CALIBRATION,UNKNOWN,,calibration,CALIBRATION,2,-0.0,-0.0,-0.005379999987781048,12.100000381469727,4.0,-0.0,-0.0,0.0,12.0,4.0
8.0314,1783622747.261143,CALIBRATION,UNKNOWN,,calibration,CALIBRATION,2,-0.0,-0.0,-0.005379999987781048,12.100000381469727,4.0,-0.0,-0.0,0.0,12.0,4.0
8.0474,1783622747.277155,CALIBRATION,UNKNOWN,,calibration,CALIBRATION,2,-0.0015339808305725455,-0.0,-0.005379999987781048,12.100000381469727,4.0,-0.0,-0.0,0.0,12.0,4.0
8.0634,1783622747.293161,CALIBRATION,UNKNOWN,,calibration,CALIBRATION,2,-0.0015339808305725455,-0.0,-0.005379999987781048,12.100000381469727,4.0,-0.0,-0.0,0.0,12.0,4.0
8.0796,1783622747.309314,CALIBRATION,UNKNOWN,,calibration,CALIBRATION,2,-0.0,-0.0,-0.005379999987781048,12.100000381469727,4.0,-0.0,-0.0,0.0,12.0,4.0
8.0956,1783622747.3253,CALIBRATION,UNKNOWN,,calibration,CALIBRATION,2,-0.0,-0.0,-0.005379999987781048,12.100000381469727,4.0,-0.0,-0.0,0.0,12.0,4.0
8.1115,1783622747.341258,CALIBRATION,UNKNOWN,,calibration,CALIBRATION,2,-0.0015339808305725455,-0.0,-0.005379999987781048,12.100000381469727,4.0,-0.0,-0.0,-0.002689999993890524,12.0,4.0
8.1275,1783622747.357246,CALIBRATION,UNKNOWN,,calibration,CALIBRATION,2,-0.0,-0.0,-0.008070000447332859,12.100000381469727,4.0,-0.0,-0.0,-0.002689999993890524,12.0,4.0
8.1435,1783622747.373211,CALIBRATION,UNKNOWN,,calibration,CALIBRATION,2,-0.0,-0.0,-0.005379999987781048,12.100000381469727,4.0,-0.0,-0.0,0.0,12.0,4.0
8.1594,1783622747.389176,CALIBRATION,UNKNOWN,,calibration,CALIBRATION,2,-0.0015339808305725455,-0.0,-0.008070000447332859,12.100000381469727,4.0,0.0015339808305725455,-0.0,0.0,12.0,4.0
8.1755,1783622747.40521,CALIBRATION,UNKNOWN,,calibration,CALIBRATION,2,-0.0,-0.0,-0.005379999987781048,12.100000381469727,4.0,0.0015339808305725455,-0.0,0.0,12.0,4.0
8.1914,1783622747.421165,CALIBRATION,UNKNOWN,,calibration,CALIBRATION,2,-0.0,-0.0,-0.008070000447332859,12.100000381469727,4.0,-0.0,-0.0,0.0,12.0,4.0
8.2074,1783622747.437148,CALIBRATION,UNKNOWN,,calibration,CALIBRATION,2,-0.0015339808305725455,-0.0,-0.005379999987781048,12.100000381469727,4.0,-0.0,-0.0,0.0,12.0,4.0
8.2234,1783622747.453135,CALIBRATION,UNKNOWN,,calibration,CALIBRATION,2,-0.0015339808305725455,-0.0,-0.005379999987781048,12.100000381469727,4.0,-0.0,-0.0,0.0,12.0,4.0
8.2394,1783622747.469159,CALIBRATION,UNKNOWN,,calibration,CALIBRATION,2,-0.0015339808305725455,-0.0,-0.005379999987781048,12.100000381469727,4.0,-0.0,-0.0,-0.002689999993890524,12.0,4.0
8.2556,1783622747.485286,CALIBRATION,UNKNOWN,,calibration,CALIBRATION,2,-0.0,-0.0,-0.005379999987781048,12.100000381469727,4.0,-0.0,-0.0,0.0,12.0,4.0
8.2716,1783622747.501318,CALIBRATION,UNKNOWN,,calibration,CALIBRATION,2,-0.0,-0.0,-0.005379999987781048,12.100000381469727,4.0,0.0015339808305725455,-0.0,0.0,12.0,4.0
8.2876,1783622747.517279,CALIBRATION,UNKNOWN,,calibration,CALIBRATION,2,-0.0015339808305725455,-0.0,-0.005379999987781048,12.100000381469727,4.0,-0.0,-0.0,0.0,12.0,4.0
8.3036,1783622747.533283,CALIBRATION,UNKNOWN,,calibration,CALIBRATION,2,-0.0015339808305725455,-0.0,-0.002689999993890524,12.100000381469727,4.0,-0.0,-0.0,0.0,12.0,4.0
8.3195,1783622747.549263,CALIBRATION,UNKNOWN,,calibration,CALIBRATION,2,-0.0,-0.0,-0.005379999987781048,12.100000381469727,4.0,-0.0,-0.0,0.0,12.0,4.0
8.3355,1783622747.565238,CALIBRATION,UNKNOWN,,calibration,CALIBRATION,2,-0.0015339808305725455,-0.0,-0.005379999987781048,12.100000381469727,4.0,-0.0,-0.0,0.0,12.0,4.0
8.3515,1783622747.581229,CALIBRATION,UNKNOWN,,calibration,CALIBRATION,2,-0.0015339808305725455,-0.0,-0.005379999987781048,12.100000381469727,4.0,-0.0,-0.0,0.0,12.0,4.0
8.3675,1783622747.597274,CALIBRATION,UNKNOWN,,calibration,CALIBRATION,2,-0.0015339808305725455,-0.0,-0.005379999987781048,12.100000381469727,4.0,0.0015339808305725455,-0.0,0.0,12.0,4.0
8.3835,1783622747.613219,CALIBRATION,UNKNOWN,,calibration,CALIBRATION,2,-0.0,-0.0,-0.005379999987781048,12.100000381469727,4.0,-0.0,-0.0,0.0,12.0,4.0
8.3995,1783622747.629189,CALIBRATION,UNKNOWN,,calibration,CALIBRATION,2,-0.0,-0.0,-0.005379999987781048,12.100000381469727,4.0,-0.0,-0.0,0.0,12.0,4.0
8.4156,1783622747.645297,CALIBRATION,UNKNOWN,,calibration,CALIBRATION,2,-0.0,-0.0,-0.005379999987781048,12.100000381469727,4.0,0.0015339808305725455,-0.0,0.0,12.0,4.0
8.4315,1783622747.661244,CALIBRATION,UNKNOWN,,calibration,CALIBRATION,2,-0.0015339808305725455,-0.0,-0.005379999987781048,12.100000381469727,4.0,-0.0,-0.0,0.0,12.0,4.0
8.4475,1783622747.677245,CALIBRATION,UNKNOWN,,calibration,CALIBRATION,2,-0.0,-0.0,-0.008070000447332859,12.100000381469727,4.0,0.0015339808305725455,-0.0,0.0,12.0,4.0
8.4634,1783622747.693172,CALIBRATION,UNKNOWN,,calibration,CALIBRATION,2,-0.0015339808305725455,-0.0,-0.005379999987781048,12.100000381469727,4.0,0.0015339808305725455,-0.0,0.0,12.0,4.0
8.4794,1783622747.709154,CALIBRATION,UNKNOWN,,calibration,CALIBRATION,2,-0.0015339808305725455,-0.0,-0.005379999987781048,12.100000381469727,4.0,0.0015339808305725455,-0.0,0.0,12.0,4.0
8.4955,1783622747.725182,CALIBRATION,UNKNOWN,,calibration,CALIBRATION,2,-0.0015339808305725455,-0.0,-0.005379999987781048,12.100000381469727,4.0,-0.0,-0.0,0.0,12.0,4.0
8.5115,1783622747.741266,CALIBRATION,UNKNOWN,,calibration,CALIBRATION,2,-0.0015339808305725455,-0.0,-0.008070000447332859,12.100000381469727,4.0,0.0015339808305725455,-0.0,0.0,12.0,4.0
8.5275,1783622747.757185,CALIBRATION,UNKNOWN,,calibration,CALIBRATION,2,-0.0015339808305725455,-0.0,-0.008070000447332859,12.100000381469727,4.0,0.0015339808305725455,-0.0,0.0,12.0,4.0
8.5434,1783622747.773159,CALIBRATION,UNKNOWN,,calibration,CALIBRATION,2,-0.0,-0.0,-0.005379999987781048,12.100000381469727,4.0,-0.0,-0.0,0.0,12.0,4.0
8.5594,1783622747.789161,CALIBRATION,UNKNOWN,,calibration,CALIBRATION,2,-0.0,-0.0,-0.002689999993890524,12.100000381469727,4.0,-0.0,-0.0,0.0,12.0,4.0
8.5914,1783622747.821152,CALIBRATION,UNKNOWN,,calibration,CALIBRATION,2,-0.0,-0.0,-0.005379999987781048,12.100000381469727,4.0,-0.0,-0.0,0.0,12.0,4.0
8.6075,1783622747.837239,CALIBRATION,UNKNOWN,,calibration,CALIBRATION,2,-0.0015339808305725455,-0.0,-0.005379999987781048,12.100000381469727,4.0,0.0015339808305725455,-0.0,0.0,12.0,4.0
8.6234,1783622747.853164,CALIBRATION,UNKNOWN,,calibration,CALIBRATION,2,-0.0,-0.0,-0.005379999987781048,12.100000381469727,4.0,-0.0,-0.0,-0.002689999993890524,12.0,4.0
8.6394,1783622747.869153,CALIBRATION,UNKNOWN,,calibration,CALIBRATION,2,-0.0,-0.0,-0.005379999987781048,12.100000381469727,4.0,0.0015339808305725455,-0.0,0.0,12.0,4.0
8.6554,1783622747.885148,CALIBRATION,UNKNOWN,,calibration,CALIBRATION,2,-0.0,-0.0,-0.005379999987781048,12.100000381469727,4.0,-0.0,-0.0,-0.002689999993890524,12.0,4.0
8.6714,1783622747.901154,CALIBRATION,UNKNOWN,,calibration,CALIBRATION,2,-0.0,-0.0,-0.002689999993890524,12.100000381469727,4.0,-0.0,-0.0,-0.002689999993890524,12.0,4.0
8.6875,1783622747.91718,CALIBRATION,UNKNOWN,,calibration,CALIBRATION,2,-0.0,-0.0,-0.002689999993890524,12.100000381469727,4.0,-0.0,-0.0,0.0,12.0,4.0
8.7035,1783622747.933221,CALIBRATION,UNKNOWN,,calibration,CALIBRATION,2,-0.0,-0.0,0.0,12.100000381469727,4.0,-0.0,-0.0,0.0,12.0,4.0
8.7194,1783622747.949157,CALIBRATION,UNKNOWN,,calibration,CALIBRATION,2,-0.0,-0.0,0.0,12.100000381469727,4.0,-0.0,-0.0,-0.002689999993890524,12.0,4.0
8.7354,1783622747.965163,CALIBRATION,UNKNOWN,,calibration,CALIBRATION,2,-0.0,-0.0,0.0,12.100000381469727,4.0,-0.0,-0.0,0.0,12.0,4.0
8.7514,1783622747.981137,CALIBRATION,UNKNOWN,,calibration,CALIBRATION,2,-0.0,-0.0,0.0,12.100000381469727,4.0,-0.0,-0.0,-0.002689999993890524,12.0,4.0
8.7674,1783622747.997128,CALIBRATION,UNKNOWN,,calibration,CALIBRATION,2,-0.0,-0.0,-0.002689999993890524,12.100000381469727,4.0,-0.0,-0.0,0.0,12.0,4.0
8.7834,1783622748.013173,CALIBRATION,UNKNOWN,,calibration,CALIBRATION,2,-0.0,-0.0,0.0,12.100000381469727,4.0,-0.0,-0.0,0.0,12.0,4.0
8.7994,1783622748.029151,CALIBRATION,UNKNOWN,,calibration,CALIBRATION,2,-0.0,-0.0,0.0,12.100000381469727,4.0,-0.0,-0.0,0.0,12.0,4.0
8.8154,1783622748.045138,CALIBRATION,UNKNOWN,,calibration,CALIBRATION,2,-0.0,-0.0,-0.002689999993890524,12.100000381469727,4.0,0.0015339808305725455,-0.0,0.0,12.0,4.0
8.8314,1783622748.061138,CALIBRATION,UNKNOWN,,calibration,CALIBRATION,2,-0.0,-0.0,-0.002689999993890524,12.100000381469727,4.0,0.0015339808305725455,-0.0,0.0,12.0,4.0
8.8474,1783622748.077152,CALIBRATION,UNKNOWN,,calibration,CALIBRATION,2,-0.0015339808305725455,-0.0,0.0,12.100000381469727,4.0,0.0015339808305725455,-0.0,0.0,12.0,4.0
8.8634,1783622748.093129,CALIBRATION,UNKNOWN,,calibration,CALIBRATION,2,-0.0,-0.0,-0.005379999987781048,12.100000381469727,4.0,-0.0,-0.0,0.0,12.0,4.0
8.8795,1783622748.109195,CALIBRATION,UNKNOWN,,calibration,CALIBRATION,2,-0.0015339808305725455,-0.0,-0.005379999987781048,12.100000381469727,4.0,0.0015339808305725455,-0.0,0.0,12.0,4.0
8.8955,1783622748.125216,CALIBRATION,UNKNOWN,,calibration,CALIBRATION,2,-0.0,-0.0,-0.005379999987781048,12.100000381469727,4.0,0.0015339808305725455,-0.0,-0.002689999993890524,12.0,4.0
8.9116,1783622748.141289,CALIBRATION,UNKNOWN,,calibration,CALIBRATION,2,-0.0015339808305725455,-0.0,-0.005379999987781048,12.100000381469727,4.0,-0.0,-0.0,0.0,12.0,4.0
8.9275,1783622748.157248,CALIBRATION,UNKNOWN,,calibration,CALIBRATION,2,-0.0,-0.0,-0.002689999993890524,12.100000381469727,4.0,-0.0,-0.0,-0.002689999993890524,12.0,4.0
8.9435,1783622748.173227,CALIBRATION,UNKNOWN,,calibration,CALIBRATION,2,-0.0015339808305725455,-0.0,-0.002689999993890524,12.100000381469727,4.0,-0.0,-0.0,0.0,12.0,4.0
8.9594,1783622748.189166,CALIBRATION,UNKNOWN,,calibration,CALIBRATION,2,-0.0015339808305725455,-0.0,-0.005379999987781048,12.100000381469727,4.0,-0.0,-0.0,-0.002689999993890524,12.0,4.0
8.9754,1783622748.205142,CALIBRATION,UNKNOWN,,calibration,CALIBRATION,2,-0.0,-0.0,-0.005379999987781048,12.100000381469727,4.0,0.0015339808305725455,-0.0,0.0,12.0,4.0
8.9915,1783622748.221235,CALIBRATION,UNKNOWN,,calibration,CALIBRATION,2,-0.0,-0.0,-0.005379999987781048,12.100000381469727,4.0,0.0015339808305725455,-0.0,0.0,12.0,4.0
9.0074,1783622748.237168,CALIBRATION,UNKNOWN,,calibration,CALIBRATION,2,-0.0,-0.0,-0.002689999993890524,12.100000381469727,4.0,0.0015339808305725455,-0.0,0.0,12.0,4.0
9.0234,1783622748.253133,CALIBRATION,UNKNOWN,,calibration,CALIBRATION,2,-0.0015339808305725455,-0.0,-0.002689999993890524,12.100000381469727,4.0,0.0015339808305725455,-0.0,0.0,12.0,4.0
9.0394,1783622748.269134,CALIBRATION,UNKNOWN,,calibration,CALIBRATION,2,-0.0,-0.0,-0.005379999987781048,12.100000381469727,4.0,0.0015339808305725455,-0.0,0.0,12.0,4.0
9.0556,1783622748.285367,CALIBRATION,UNKNOWN,,calibration,CALIBRATION,2,-0.0,-0.0,-0.002689999993890524,12.100000381469727,4.0,-0.0,-0.0,0.0,12.0,4.0
9.0715,1783622748.301204,CALIBRATION,UNKNOWN,,calibration,CALIBRATION,2,-0.0,-0.0,0.0,12.100000381469727,4.0,-0.0,-0.0,0.0,12.0,4.0
9.0876,1783622748.317319,CALIBRATION,UNKNOWN,,calibration,CALIBRATION,2,-0.0,-0.0,0.0,12.100000381469727,4.0,-0.0,-0.0,-0.002689999993890524,12.0,4.0
9.1083,1783622748.338051,CALIBRATION,UNKNOWN,,calibration,CALIBRATION,2,-0.0,-0.0,0.0,12.100000381469727,4.0,0.0015339808305725455,-0.0,-0.002689999993890524,12.0,4.0
9.1356,1783622748.3653,CALIBRATION,UNKNOWN,,calibration,CALIBRATION,2,0.0015339808305725455,0.023980824276804924,0.0,12.100000381469727,4.0,0.0015339808305725455,-0.0,0.0,12.0,4.0
9.1515,1783622748.381195,CALIBRATION,UNKNOWN,,calibration,CALIBRATION,2,0.0015339808305725455,-0.0,0.0,12.100000381469727,4.0,-0.0,-0.0,0.0,12.0,4.0
9.1675,1783622748.397195,CALIBRATION,UNKNOWN,,calibration,CALIBRATION,2,0.0015339808305725455,-0.0,0.0,12.100000381469727,4.0,-0.0,-0.0,0.0,12.0,4.0
9.1835,1783622748.413204,CALIBRATION,UNKNOWN,,calibration,CALIBRATION,2,0.0015339808305725455,-0.0,0.0,12.100000381469727,4.0,-0.0,-0.0,0.0,12.0,4.0
9.1994,1783622748.429168,CALIBRATION,UNKNOWN,,calibration,CALIBRATION,2,0.0015339808305725455,-0.0,0.0,12.100000381469727,4.0,-0.0,-0.0,0.0,12.0,4.0
9.2155,1783622748.445204,CALIBRATION,UNKNOWN,,calibration,CALIBRATION,2,0.0015339808305725455,-0.0,0.0,12.100000381469727,4.0,0.0015339808305725455,-0.0,0.0,12.0,4.0
9.2314,1783622748.461162,CALIBRATION,UNKNOWN,,calibration,CALIBRATION,2,0.0015339808305725455,-0.0,0.0,12.100000381469727,4.0,0.0015339808305725455,-0.0,0.0,12.0,4.0
9.2475,1783622748.477236,CALIBRATION,UNKNOWN,,calibration,CALIBRATION,2,0.0015339808305725455,-0.0,0.0,12.100000381469727,4.0,0.0015339808305725455,-0.0,0.0,12.0,4.0
9.2636,1783622748.493289,CALIBRATION,UNKNOWN,,calibration,CALIBRATION,2,0.0015339808305725455,-0.0,0.0,12.100000381469727,4.0,0.0015339808305725455,-0.0,0.0,12.0,4.0
9.2798,1783622748.509515,CALIBRATION,UNKNOWN,,calibration,CALIBRATION,2,0.0015339808305725455,-0.0,0.0,12.100000381469727,4.0,0.0015339808305725455,-0.0,0.0,12.0,4.0
9.2958,1783622748.525539,CALIBRATION,UNKNOWN,,calibration,CALIBRATION,2,0.0015339808305725455,-0.0,0.0,12.100000381469727,4.0,0.0015339808305725455,-0.0,0.0,12.0,4.0
9.3121,1783622748.541842,CALIBRATION,UNKNOWN,,calibration,CALIBRATION,2,0.0015339808305725455,-0.0,0.0,12.100000381469727,4.0,-0.0,-0.0,0.0,12.0,4.0
9.3276,1783622748.557291,CALIBRATION,UNKNOWN,,calibration,CALIBRATION,2,0.0015339808305725455,-0.0,0.0,12.100000381469727,4.0,-0.0,-0.0,0.0,12.0,4.0
9.3435,1783622748.57321,CALIBRATION,UNKNOWN,,calibration,CALIBRATION,2,0.0015339808305725455,-0.0,0.0,12.100000381469727,4.0,-0.0,-0.0,0.0,12.0,4.0
9.3594,1783622748.58915,CALIBRATION,UNKNOWN,,calibration,CALIBRATION,2,0.0015339808305725455,-0.0,0.0,12.100000381469727,4.0,0.0015339808305725455,-0.0,0.0,12.0,4.0
9.3754,1783622748.605169,CALIBRATION,UNKNOWN,,calibration,CALIBRATION,2,0.0015339808305725455,-0.0,0.0,12.100000381469727,4.0,0.0015339808305725455,-0.0,0.0,12.0,4.0
9.3915,1783622748.621209,CALIBRATION,UNKNOWN,,calibration,CALIBRATION,2,0.0015339808305725455,-0.0,0.0,12.100000381469727,4.0,0.0015339808305725455,-0.0,0.0,12.0,4.0
9.4244,1783622748.654115,CALIBRATION,UNKNOWN,,calibration,CALIBRATION,2,0.0015339808305725455,-0.0,0.0,12.100000381469727,4.0,0.0015339808305725455,-0.0,0.0,12.0,4.0
9.4395,1783622748.669246,CALIBRATION,UNKNOWN,,calibration,CALIBRATION,2,0.0015339808305725455,-0.0,0.0,12.100000381469727,4.0,0.0015339808305725455,-0.0,0.0,12.0,4.0
9.4555,1783622748.685226,CALIBRATION,UNKNOWN,,calibration,CALIBRATION,2,0.0015339808305725455,-0.0,0.0,12.100000381469727,4.0,0.0015339808305725455,-0.0,0.0,12.0,4.0
9.4714,1783622748.701164,CALIBRATION,UNKNOWN,,calibration,CALIBRATION,2,-0.0,-0.023980824276804924,0.0,12.100000381469727,4.0,0.0015339808305725455,-0.0,0.0,12.0,4.0
9.4874,1783622748.717157,CALIBRATION,UNKNOWN,,calibration,CALIBRATION,2,-0.0,-0.023980824276804924,0.0,12.100000381469727,4.0,-0.0,-0.0,0.0,12.0,4.0
9.5034,1783622748.733108,CALIBRATION,UNKNOWN,,calibration,CALIBRATION,2,-0.0,-0.0,0.0,12.100000381469727,4.0,0.0015339808305725455,-0.0,0.0,12.0,4.0
9.5195,1783622748.74918,CALIBRATION,UNKNOWN,,calibration,CALIBRATION,2,-0.0,-0.0,0.0,12.100000381469727,4.0,0.0015339808305725455,-0.0,0.0,12.0,4.0
9.5355,1783622748.765265,CALIBRATION,UNKNOWN,,calibration,CALIBRATION,2,-0.0,-0.0,0.0,12.100000381469727,4.0,-0.0,-0.0,0.0,12.0,4.0
9.5514,1783622748.781141,CALIBRATION,UNKNOWN,,calibration,CALIBRATION,2,0.0015339808305725455,-0.0,0.0,12.100000381469727,4.0,-0.0,-0.0,0.0,12.0,4.0
9.5674,1783622748.797086,CALIBRATION,UNKNOWN,,calibration,CALIBRATION,2,0.0015339808305725455,0.023980824276804924,0.0,12.100000381469727,4.0,-0.0,-0.0,0.0,12.0,4.0
9.5834,1783622748.813113,CALIBRATION,UNKNOWN,,calibration,CALIBRATION,2,0.0015339808305725455,-0.0,0.0,12.100000381469727,4.0,-0.0,-0.0,0.0,12.0,4.0
9.5994,1783622748.829157,CALIBRATION,UNKNOWN,,calibration,CALIBRATION,2,0.0015339808305725455,-0.0,0.0,12.100000381469727,4.0,-0.0,-0.0,-0.002689999993890524,12.0,4.0
9.6154,1783622748.845129,CALIBRATION,UNKNOWN,,calibration,CALIBRATION,2,-0.0,-0.0,0.0,12.100000381469727,4.0,-0.0,-0.0,-0.002689999993890524,12.0,4.0
9.6314,1783622748.861102,CALIBRATION,UNKNOWN,,calibration,CALIBRATION,2,0.0015339808305725455,-0.0,0.0,12.100000381469727,4.0,-0.0,-0.0,-0.002689999993890524,12.0,4.0
9.6474,1783622748.877089,CALIBRATION,UNKNOWN,,calibration,CALIBRATION,2,0.0015339808305725455,-0.0,0.0,12.100000381469727,4.0,-0.0,-0.0,-0.002689999993890524,12.0,4.0
9.6634,1783622748.893105,CALIBRATION,UNKNOWN,,calibration,CALIBRATION,2,0.0015339808305725455,-0.0,0.0,12.100000381469727,4.0,-0.0,-0.0,-0.002689999993890524,12.0,4.0
9.6794,1783622748.909146,CALIBRATION,UNKNOWN,,calibration,CALIBRATION,2,0.0015339808305725455,-0.0,0.0,12.100000381469727,4.0,-0.0,-0.0,-0.002689999993890524,12.0,4.0
9.6954,1783622748.925096,CALIBRATION,UNKNOWN,,calibration,CALIBRATION,2,-0.0,-0.0,0.0,12.100000381469727,4.0,-0.0,-0.0,-0.002689999993890524,12.0,4.0
9.7114,1783622748.941103,CALIBRATION,UNKNOWN,,calibration,CALIBRATION,2,0.0015339808305725455,-0.0,0.0,12.100000381469727,4.0,-0.0,-0.0,-0.002689999993890524,12.0,4.0
9.7274,1783622748.957114,CALIBRATION,UNKNOWN,,calibration,CALIBRATION,2,0.0015339808305725455,-0.0,0.0,12.100000381469727,4.0,-0.0,-0.0,-0.002689999993890524,12.0,4.0
9.7433,1783622748.973074,CALIBRATION,UNKNOWN,,calibration,CALIBRATION,2,0.0015339808305725455,-0.0,0.0,12.100000381469727,4.0,-0.0,-0.0,-0.002689999993890524,12.0,4.0
9.7594,1783622748.989089,CALIBRATION,UNKNOWN,,calibration,CALIBRATION,2,0.0015339808305725455,-0.0,0.0,12.100000381469727,4.0,-0.0,-0.0,-0.002689999993890524,12.0,4.0
9.7753,1783622749.005076,CALIBRATION,UNKNOWN,,calibration,CALIBRATION,2,0.0015339808305725455,-0.0,0.0,12.100000381469727,4.0,-0.0,-0.0,-0.002689999993890524,12.0,4.0
9.7913,1783622749.021058,CALIBRATION,UNKNOWN,,calibration,CALIBRATION,2,0.0015339808305725455,-0.0,0.0,12.100000381469727,4.0,0.0015339808305725455,-0.0,0.0,12.0,4.0
9.8075,1783622749.037257,CALIBRATION,UNKNOWN,,calibration,CALIBRATION,2,0.0015339808305725455,-0.0,0.0,12.100000381469727,4.0,0.0015339808305725455,-0.0,0.0,12.0,4.0
9.8234,1783622749.053078,CALIBRATION,UNKNOWN,,calibration,CALIBRATION,2,0.0015339808305725455,-0.0,0.0,12.100000381469727,4.0,0.0015339808305725455,-0.0,0.0,12.0,4.0
9.8394,1783622749.069171,CALIBRATION,UNKNOWN,,calibration,CALIBRATION,2,0.0015339808305725455,-0.0,0.0,12.100000381469727,4.0,0.0015339808305725455,-0.0,0.0,12.0,4.0
9.8554,1783622749.085104,CALIBRATION,UNKNOWN,,calibration,CALIBRATION,2,0.0015339808305725455,-0.0,0.0,12.100000381469727,4.0,0.0015339808305725455,-0.0,0.0,12.0,4.0
9.8714,1783622749.10109,CALIBRATION,UNKNOWN,,calibration,CALIBRATION,2,0.0015339808305725455,-0.0,0.0,12.100000381469727,4.0,0.0015339808305725455,-0.0,0.0,12.0,4.0
9.8873,1783622749.117066,CALIBRATION,UNKNOWN,,calibration,CALIBRATION,2,0.003067961661145091,-0.0,0.0,12.100000381469727,4.0,0.0015339808305725455,-0.0,0.0,12.0,4.0
9.9034,1783622749.133139,CALIBRATION,UNKNOWN,,calibration,CALIBRATION,2,0.0015339808305725455,-0.0,0.0,12.100000381469727,4.0,0.0015339808305725455,-0.0,0.0,12.0,4.0
9.9194,1783622749.149167,CALIBRATION,UNKNOWN,,calibration,CALIBRATION,2,0.0015339808305725455,-0.0,0.0,12.100000381469727,4.0,0.0015339808305725455,-0.0,0.0,12.0,4.0
9.9354,1783622749.165124,CALIBRATION,UNKNOWN,,calibration,CALIBRATION,2,0.0015339808305725455,-0.0,0.0,12.100000381469727,4.0,0.0015339808305725455,-0.0,0.0,12.0,4.0
9.9514,1783622749.181101,CALIBRATION,UNKNOWN,,calibration,CALIBRATION,2,0.0015339808305725455,-0.0,0.0,12.100000381469727,4.0,0.0015339808305725455,-0.0,0.0,12.0,4.0
9.9673,1783622749.197068,CALIBRATION,UNKNOWN,,calibration,CALIBRATION,2,0.0015339808305725455,-0.0,0.0,12.100000381469727,4.0,0.0015339808305725455,-0.0,0.0,12.0,4.0
9.9834,1783622749.213117,CALIBRATION,UNKNOWN,,calibration,CALIBRATION,2,0.0015339808305725455,-0.0,0.0,12.100000381469727,4.0,0.0015339808305725455,-0.0,0.0,12.0,4.0
9.9993,1783622749.229074,CALIBRATION,UNKNOWN,,calibration,CALIBRATION,2,0.0015339808305725455,-0.0,0.0,12.100000381469727,4.0,0.0015339808305725455,-0.0,0.0,12.0,4.0
10.0154,1783622749.245144,CALIBRATION,UNKNOWN,,calibration,CALIBRATION,2,0.0015339808305725455,-0.0,0.0,12.100000381469727,4.0,0.0015339808305725455,-0.0,0.0,12.0,4.0
10.0314,1783622749.261084,CALIBRATION,UNKNOWN,,calibration,CALIBRATION,2,-0.0,-0.0,0.0,12.100000381469727,4.0,-0.0,-0.023980824276804924,-0.002689999993890524,12.0,4.0
10.0473,1783622749.277075,CALIBRATION,UNKNOWN,,calibration,CALIBRATION,2,-0.0,-0.023980824276804924,-0.002689999993890524,12.100000381469727,4.0,-0.0015339808305725455,-0.023980824276804924,-0.002689999993890524,12.0,4.0
10.0636,1783622749.293317,CALIBRATION,UNKNOWN,,calibration,CALIBRATION,2,-0.0,-0.0,-0.002689999993890524,12.100000381469727,4.0,-0.0015339808305725455,-0.023980824276804924,-0.002689999993890524,12.0,4.0
10.0795,1783622749.30919,CALIBRATION,UNKNOWN,,calibration,CALIBRATION,2,-0.0,-0.0,0.0,12.100000381469727,4.0,-0.0,-0.0,-0.002689999993890524,12.0,4.0
